source,word,V,A,def
민경환,가뜬하다,0.51,-0.2,"다루기에 가볍고 간편하거나 손쉽다.
마음이 가볍고 상쾌하다."
민경환,가련하다,-0.89,-0.83,가엾고 불쌍하다.
민경환,가소롭다,-1.52,-0.09,같잖아서 우스운 데가 있다.
민경환,가엾다,-1.0,-0.67,마음이 아플 만큼 안되고 처연하다.
민경환,가증스럽다,-2.12,1.08,몹시 괘씸하고 얄밉다.
민경환,갈등하다,-1.41,0.82,"칡과 등나무가 서로 얽히는 것과 같이, 개인이나 집단 사이에 목표나 이해관계가 달라 서로 적대시하거나 충돌하다.
심리 두 가지 이상의 상반되는 요구나 욕구, 기회 또는 목표에 직면하였을 때, 선택을 하지 못하고 괴로워하다."
민경환,감개,0.96,0.24,어떤 감동이나 느낌이 마음 깊은 곳에서 배어 나옴. 또는 그 감동이나 느낌.
민경환,감개무량하다,0.97,0.83,마음속에서 느끼는 감동이나 느낌이 끝이 없다.
민경환,감격하다,1.43,1.19,"마음에 깊이 느끼어 크게 감동하다.
고마움을 깊이 느끼다."
민경환,감동하다,1.45,0.47,크게 느끼어 마음이 움직이다.
민경환,감미롭다,1.54,-0.07,정서적으로 아름답고 달콤한 느낌이 있다.
민경환,감복하다,0.63,0.59,감동하여 충심으로 탄복하다.
민경환,감탄하다,1.11,1.03,마음속 깊이 느끼어 탄복하다.
민경환,감회,0.67,-0.02,지난 일을 돌이켜 볼 때 느껴지는 회포.
민경환,개탄하다,-1.67,1.18,분하거나 못마땅하게 여겨 한탄하다.
민경환,거북하다,-1.42,0.14,"몸이 찌뿌드드하고 괴로워 움직임이 자연스럽지 못하거나 자유롭지 못하다.
마음이 어색하고 겸연쩍어 편하지 않다."
민경환,걱정하다,-1.06,-0.06,안심이 되지 않아 속을 태우다.
민경환,겁나다,-1.39,1.56,무섭거나 두려운 마음이 생기다.
민경환,격노하다,-2.02,1.89,몹시 분하고 노여운 감정이 북받쳐 오르다.
민경환,격동되다,0.11,1.92,"정세 따위가 급격하게 움직이다.
감정 따위가 몹시 흥분되어 어떤 충동이 느껴지다."
민경환,격분하다,-1.89,1.82,몹시 분하고 노여운 감정이 북받쳐 오르다.
민경환,격앙하다,-1.67,1.58,기운이나 감정 따위가 격렬히 일어나 높아지다.
민경환,격정,-0.43,1.6,강렬하고 갑작스러워 누르기 어려운 감정.
민경환,격하다,-1.3,1.41,"갑작스럽게 성을 내거나 흥분하다.
기세나 감정 따위가 급하고 거세다."
민경환,겸연쩍다,-0.96,-0.54,쑥스럽거나 미안하여 어색하다.
민경환,경멸하다,-2.26,1.59,깔보아 업신여기다.
민경환,경악하다,-1.85,2.03,소스라치게 깜짝 놀라다.
민경환,경애하다,0.9,0.06,공경하고 사랑하다.
민경환,경외하다,0.34,-0.17,공경하면서 두려워하다.
민경환,경쾌하다,1.85,1.28,"움직임이나 모습, 기분 따위가 가볍고 상쾌하다."
민경환,경탄하다,-0.01,1.35,몹시 놀라며 감탄하다.
민경환,고깝다,-1.58,0.18,섭섭하고 야속하여 마음이 언짢다.
민경환,고뇌하다,-1.29,-0.28,괴로워하고 번뇌하다.
민경환,고독하다,-1.62,-1.53,세상에 홀로 떨어져 있는 듯이 매우 외롭고 쓸쓸하다.
민경환,고립감,-1.92,-0.72,남과 사귀지 않거나 남의 도움을 받지 못하여 홀로 된 느낌.
민경환,고맙다,1.5,-0.23,남이 베풀어 준 호의나 도움 따위에 대하여 마음이 흐뭇하고 즐겁다.
민경환,고무되다,0.73,0.16,힘이 나도록 격려를 받아 용기가 나다.
민경환,고민하다,-1.25,-0.71,마음속으로 괴로워하고 애를 태우다.
민경환,고적하다,-0.76,-1.46,외롭고 쓸쓸하다.
민경환,곤혹스럽다,-1.74,1.28,곤혹을 느끼게 하는 점이 있다.
민경환,골나다,-1.75,1.25,비위에 거슬리거나 마음이 언짢아서 성이 나다.
민경환,공감하다,1.07,-0.26,"남의 감정, 의견, 주장 따위에 대하여 자기도 그렇다고 느끼다."
민경환,공허하다,-1.27,-1.45,"아무것도 없이 텅 비다.
실속이 없이 헛되다."
민경환,괘씸하다,-1.89,1.1,남에게 예절이나 신의에 어긋난 짓을 당하여 분하고 밉살스럽다.
민경환,괴롭다,-2.07,-0.15,몸이나 마음이 편하지 않고 고통스럽다.
민경환,교감하다,1.43,0.41,서로 접촉하여 따라 움직임을 느끼다.
민경환,구슬프다,-1.2,-0.26,처량하고 슬프다.
민경환,굴욕,-2.23,1.28,남에게 억눌리어 업신여김을 받음.
민경환,권태롭다,-1.33,-1.19,어떤 일에 싫증이 나거나 심신이 나른해져서 게으른 데가 있다.
민경환,귀찮다,-1.42,-0.37,마음에 들지 아니하고 괴롭거나 성가시다.
민경환,그립다,0.37,-0.82,보고 싶거나 만나고 싶은 마음이 간절하다.
민경환,근심걱정,-1.64,0.37,"안심이 되지 않아 속을 태움.
해결되지 않은 일 때문에 속을 태우거나 우울해함."
민경환,근심하다,-1.64,-0.02,해결되지 않은 일 때문에 속을 태우거나 우울해하다.
민경환,기겁하다,-1.26,1.67,숨이 막힐 듯이 갑작스럽게 겁을 내며 놀라다.
민경환,기고만장하다,-0.5,1.52,"펄펄 뛸 만큼 대단히 성이 나다.
일이 뜻대로 잘될 때, 우쭐하여 뽐내는 기세가 대단하다."
민경환,기껍다,-0.63,-0.21,마음속으로 은근히 기쁘다.
민경환,기막히다,-1.33,0.72,어떠한 일이 놀랍거나 언짢아서 어이없다.
민경환,기쁘다,1.94,1.56,욕구가 충족되어 마음이 흐뭇하고 흡족하다.
민경환,기절초풍하다,-1.36,1.76,기절하거나 까무러칠 정도로 몹시 놀라 질겁을 하다.
민경환,기죽다,-1.49,-1.06,기세가 꺾여 약해지다.
민경환,긴장하다,-0.76,0.99,마음을 조이고 정신을 바짝 차리다.
민경환,꺼리다,-1.42,0.04,"사물이나 일 따위가 자신에게 해가 될까 하여 피하거나 싫어하다.
개운치 않거나 언짢은 데가 있어 마음에 걸리다."
민경환,꺼림직하다,-1.55,-0.24,마음에 걸려서 언짢고 싫은 느낌이 있다.
민경환,께름직하다,-1.61,-0.4,마음에 걸려서 언짢고 싫은 느낌이 꽤 있다.
민경환,끔찍하다,-1.87,1.45,"정도가 지나쳐 놀랍다.
진저리가 날 정도로 참혹하다."
민경환,낙,1.39,0.08,"살아가는 데서 느끼는 즐거움이나 재미.
고통이 없이 편안히 지내는 즐거움."
민경환,낙담하다,-1.99,-0.77,바라던 일이 뜻대로 되지 않아 마음이 몹시 상하다.
민경환,낙망하다,-2.07,-0.95,희망을 잃다.
민경환,낙심하다,-1.83,-0.8,바라던 일이 이루어지지 아니하여 마음이 상하다.
민경환,남부끄럽다,-1.34,0.39,창피하여 남을 대하기가 부끄럽다.
민경환,남부럽다,-0.63,-0.11,남의 좋은 점이나 우월한 점이 부럽다.
민경환,낭패스럽다,-1.49,0.62,계획한 일이 실패하거나 잘못될 듯한 상태에 있다.
민경환,낯간지럽다,-0.64,0.55,너무 보잘것없거나 염치없는 짓이 되어 남 보기에 부끄럽다.
민경환,낯뜨겁다,-1.12,1.31,남 보기 무안하거나 부끄러워 얼굴이 화끈거릴 정도이다.
민경환,노기,-1.54,0.8,성난 얼굴빛. 또는 그런 기색이나 기세.
민경환,노발대발,-1.9,2.37,몹시 노하여 펄펄 뛰며 성을 냄.
민경환,노심초사하다,-1.61,0.99,몹시 마음을 쓰며 애를 태우다.
민경환,노엽다,-1.52,1.32,화가 날 만큼 분하고 섭섭하다.
민경환,노파심,-0.95,0.4,필요 이상으로 남의 일을 걱정하고 염려하는 마음.
민경환,노하다,-1.84,1.76,‘화내다’ 또는 ‘화나다’를 점잖게 이르는 말.
민경환,놀라다,0.12,1.67,"뜻밖의 일이나 무서움에 가슴이 두근거리다.
뛰어나거나 신기한 것을 보고 매우 감동하다.
어처구니가 없거나 기가 막히다."
민경환,놀랍다,0.35,1.61,"감동을 일으킬 만큼 훌륭하거나 굉장하다.
갑작스러워 두렵거나 흥분 상태에 있다.
어처구니없을 만큼 괴이하다."
민경환,눈물겹다,-0.82,0.01,눈물이 날 만큼 가엾고 애처롭다.
민경환,뉘우치다,-0.3,-0.43,스스로 제 잘못을 깨닫고 마음속으로 가책을 느끼다.
민경환,달가워하다,0.63,-0.01,마음에 흡족하게 여기다.
민경환,담담하다,-0.47,-1.3,"차분하고 평온하다.
사사롭지 않고 객관적이다."
민경환,답답하다,-1.8,-0.36,"숨이 막힐 듯이 갑갑하다.
애가 타고 갑갑하다.
융통성이 없이 고지식하다."
민경환,당혹하다,-1.06,0.9,무슨 일을 당하여 정신이 헷갈리거나 생각이 막혀 어찌할 바를 몰라 하다.
민경환,당황하다,-0.93,0.83,놀라거나 다급하여 어찌할 바를 모르다.
민경환,덤덤하다,-0.24,-1.41,"특별한 감정의 동요 없이 그저 예사롭다.
말할 자리에서 어떤 말이나 반응이 없이 조용하고 무표정하다."
민경환,도취하다,1.1,0.94,어떠한 것에 마음이 쏠려 취하다시피 하다.
민경환,동감하다,1.33,0.19,어떤 견해나 의견에 같은 생각을 가지다.
민경환,동경하다,0.81,-0.27,"어떤 것을 간절히 그리워하여 그것만을 생각하다.
마음이 스스로 들떠서 안정되지 아니하다."
민경환,동병상련,-0.15,-0.26,"같은 병을 앓는 사람끼리 서로 가엾게 여긴다는 뜻으로, 어려운 처지에 있는 사람끼리 서로 가엾게 여김을 이르는 말. ≪오월춘추≫의 <합려내전>에 나온다."
민경환,동요하다,-0.58,0.42,"생각이나 처지가 확고하지 못하고 흔들리다.
어떤 체제나 상황 따위가 혼란스럽고 술렁이다."
민경환,동정하다,-0.55,-0.78,"남의 어려운 처지를 자기 일처럼 딱하고 가엾게 여기다.
남의 어려운 사정을 이해하고 정신적으로나 물질적으로 도움을 베풀다."
민경환,두렵다,-1.57,1.32,"어떤 대상을 무서워하여 마음이 불안하다.
마음에 꺼리거나 염려스럽다."
민경환,들뜨다,0.98,1.24,마음이나 분위기가 가라앉지 아니하고 조금 흥분되다.
민경환,따분하다,-1.23,-1.41,재미가 없어 지루하고 답답하다.
민경환,딱하다,-1.01,-0.02,사정이나 처지가 애처롭고 가엾다.
민경환,떠름하다,-1.41,-0.39,"맛이 조금 떫다.
좀 얼떨떨한 느낌이 있다.
마음이 썩 내키지 아니하다."
민경환,떨떠름하다,-1.33,-0.98,"조금 떫은 맛이 있다.
흐리멍덩하여 어딘가 똑똑하지 않은 데가 있다.
마음이 내키지 않는 데가 있다."
민경환,떫다,-1.52,0.12,"설익은 감의 맛처럼 거세고 텁텁한 맛이 있다.
하는 짓이나 말이 덜되고 못마땅하다."
민경환,떳떳하다,1.4,0.15,굽힐 것이 없이 당당하다.
민경환,뜨끔하다,-1.08,0.76,"갑자기 불에 닿은 것처럼 뜨겁다.
마음에 큰 자극을 받아 뜨겁다.
찔리거나 얻어맞은 것처럼 아프다."
민경환,뜨악하다,-1.41,1.46,"마음이 선뜻 내키지 않아 꺼림칙하고 싫다.
마음이나 분위기가 맞지 않아 서먹하다. 또는 사귀는 사이가 떠서 서먹하다."
민경환,마땅찮다,-1.54,0.07,흡족하게 마음에 들지 아니하다.
민경환,막막하다,-1.56,-0.48,"쓸쓸하고 고요하다.
의지할 데 없이 외롭고 답답하다.
꽉 막힌 듯이 답답하다."
민경환,만족하다,1.64,-0.02,"흡족하게 여기다.
마음에 흡족하다.
모자람이 없이 충분하고 넉넉하다."
민경환,맘놓다,0.98,-1.72,마음을 편하게 가지다.
민경환,망설이다,-1.03,-0.19,이리저리 생각만 하고 태도를 결정하지 못하다.
민경환,망연자실하다,-1.84,-0.17,멍하니 정신을 잃다.
민경환,망연하다,-1.33,-0.68,"매우 넓고 멀어서 아득하다.
아무 생각이 없이 멍하다."
민경환,매료되다,1.25,0.69,사람의 마음이 완전히 사로잡혀 홀리게 되다.
민경환,맥빠지다,-1.5,-1.83,활기 없고 지루한 느낌이 있다.
민경환,머쓱하다,-0.83,-0.71,무안을 당하거나 흥이 꺾여 어색하고 열없다.
민경환,멋쩍다,-0.62,-0.45,"하는 짓이나 모양이 격에 어울리지 않다.
어색하고 쑥스럽다."
민경환,모멸,-2.66,1.62,업신여기고 얕잡아 봄.
민경환,무감동하다,-0.83,-1.88,감동이 없다.
민경환,무덤덤하다,-0.43,-1.38,마음에 아무 느낌이 없이 예사스럽다.
민경환,무료하다,-1.11,-1.77,흥미 있는 일이 없어 심심하고 지루하다.
민경환,무색하다,-1.02,-1.21,"겸연쩍고 부끄럽다.
본래의 특색을 드러내지 못하고 보잘것없다."
민경환,무섭다,-1.42,1.39,"어떤 대상에 대하여 꺼려지거나 무슨 일이 일어날까 겁나는 데가 있다.
두려움이나 놀라움을 느낄 만큼 성질이나 기세 따위가 몹시 사납다."
민경환,무시무시하다,-1.46,1.16,몹시 무섭다.
민경환,무안하다,-1.09,-0.31,수줍거나 창피하여 볼 낯이 없다.
민경환,뭉클하다,0.48,0.15,슬픔이나 노여움 따위의 감정이 북받치어 가슴이 갑자기 꽉 차는 듯하다.
민경환,미안하다,-1.09,0.01,"남에게 대하여 마음이 편치 못하고 부끄럽다.
겸손히 양해를 구하는 뜻을 나타내는 말."
민경환,민망하다,-1.15,0.39,"보기에 답답하고 딱하여 안타깝다.
낯을 들고 대하기가 부끄럽다."
민경환,밉다,-1.75,1.04,"모양, 생김새, 행동거지 따위가 마음에 들지 않거나 눈에 거슬리는 느낌이 있다."
민경환,반감,-1.83,1.48,반대하거나 반항하는 감정.
민경환,반갑다,1.91,1.29,그리워하던 사람을 만나거나 원하는 일이 이루어져서 마음이 즐겁고 기쁘다.
민경환,반하다,0.94,0.63,어떤 사람이나 사물 따위에 마음이 홀린 것같이 쏠리다.
민경환,반항심,-1.42,1.45,다른 사람이나 대상에 맞서 대들거나 반대하는 마음.
민경환,발끈하다,-1.43,1.54,사소한 일에 걸핏하면 왈칵 성을 내다.
민경환,번뇌하다,-1.17,-0.32,마음이 시달려서 괴로워하다.
민경환,번민하다,-1.52,-0.53,마음이 번거롭고 답답하여 괴로워하다.
민경환,보람차다,1.69,0.66,어떤 일을 한 뒤에 결과가 몹시 좋아서 자랑스러움과 자부심을 갖게 할 만큼 만족스럽다.
민경환,부끄럽다,-1.18,0.68,"일을 잘 못하거나 양심에 거리끼어 볼 낯이 없거나 매우 떳떳하지 못하다.
스스러움을 느끼어 매우 수줍다."
민경환,부럽다,0.0,0.37,남의 좋은 일이나 물건을 보고 자기도 그런 일을 이루거나 그런 물건을 가졌으면 하고 바라는 마음이 있다.
민경환,부아,-1.72,0.88,노엽거나 분한 마음.
민경환,분개하다,-1.78,1.63,몹시 분하게 여기다.
민경환,분노하다,-2.16,2.17,분개하여 몹시 성을 내다.
민경환,분통,-2.07,1.51,몹시 분하여 마음이 쓰리고 아픔. 또는 그런 마음.
민경환,분하다,-1.78,1.41,"억울한 일을 당하여 화나고 원통하다.
될 듯한 일이 되지 않아 섭섭하고 아깝다."
민경환,불만족하다,-1.62,-0.01,마음에 흡족하지 아니하다.
민경환,불쌍하다,-1.03,-0.67,처지가 안되고 애처롭다.
민경환,불안하다,-1.49,0.88,"마음이 편하지 아니하다.
몸이 편안하지 아니하다.
마음에 미안하다."
민경환,불쾌하다,-1.87,1.46,"못마땅하여 기분이 좋지 아니하다.
몸이 찌뿌드드하고 좋지 않다."
민경환,불편하다,-1.47,0.45,"어떤 것을 사용하거나 이용하는 것이 거북하거나 괴롭다.
몸이나 마음이 편하지 아니하고 괴롭다.
다른 사람과의 관계 따위가 편하지 아니하다."
민경환,불행하다,-1.84,0.19,행복하지 아니하다.
민경환,비련,-1.25,-0.42,"슬프게 끝나는 사랑.
애절한 그리움."
민경환,비분강개하다,-1.2,1.67,슬프고 분하여 마음이 북받치다.
민경환,비애,-1.29,0.41,슬퍼하고 서러워함. 또는 그런 것.
민경환,비장하다,-0.64,1.22,슬프면서도 그 감정을 억눌러 씩씩하고 장하다.
민경환,비참하다,-2.09,0.39,더할 수 없이 슬프고 끔찍하다.
민경환,비탄하다,-1.88,1.03,몹시 슬퍼하면서 탄식하다.
민경환,비통하다,-2.2,1.1,몹시 슬퍼서 마음이 아프다.
민경환,뼈아프다,-1.76,1.16,어떤 감정이 골수에 사무치도록 정도가 깊다.
민경환,뾰로통하다,-1.29,-0.25,못마땅하여 얼굴에 성난 빛이 나타나 있다.
민경환,뿌듯하다,1.75,0.63,기쁨이나 감격이 마음에 가득 차서 벅차다.
민경환,사랑스럽다,2.09,0.52,생김새나 행동이 사랑을 느낄 만큼 귀여운 데가 있다.
민경환,사모하다,1.11,0.38,"애틋하게 생각하고 그리워하다.
우러러 받들고 마음속 깊이 따르다."
민경환,사무치다,-1.51,0.81,깊이 스며들거나 멀리까지 미치다.
민경환,살맛나다,1.75,1.16,세상을 살아가는 재미를 느끼다.
민경환,상심하다,-1.72,-0.48,슬픔이나 걱정 따위로 속을 썩이다.
민경환,상쾌하다,1.99,1.16,느낌이 시원하고 산뜻하다.
민경환,상큼하다,1.61,0.32,보기에 시원스럽고 좋다.
민경환,샐쭉하다,-1.17,-0.63,"어떤 감정을 나타내면서 입이나 눈이 한쪽으로 약간 샐그러지게 움직이다. 또는 그렇게 하다.
마음에 차지 아니하여서 약간 고까워하는 태도가 드러나다."
민경환,샘내다,-1.25,0.98,샘하는 마음을 먹다. 또는 샘을 부리다.
민경환,서글프다,-1.67,-0.19,"쓸쓸하고 외로워 슬프다.
섭섭하고 언짢다."
민경환,서러워하다,-1.59,0.05,"서럽게 여기다.
(사람이 자신의 처지나 일의 형편 따위를) 원통하고 슬프게 여기다."
민경환,서럽다,-1.49,0.32,원통하고 슬프다.
민경환,서먹하다,-1.33,-0.39,낯이 설거나 친하지 아니하여 어색하다.
민경환,서운하다,-1.16,-0.82,마음에 모자라 아쉽거나 섭섭한 느낌이 있다.
민경환,선뜩하다,-1.11,0.69,갑자기 놀라서 마음에 서늘한 느낌이 있다.
민경환,선호하다,0.83,0.38,여럿 가운데서 특별히 가려서 좋아하다.
민경환,설레다,1.21,1.26,"마음이 가라앉지 아니하고 들떠서 두근거리다.
가만히 있지 아니하고 자꾸만 움직이다."
민경환,설워하다,-1.43,0.04,'서러워하다'의 준말.
민경환,섬뜩하다,-1.83,1.42,갑자기 소름이 끼치도록 무섭고 끔찍하다.
민경환,섭섭하다,-1.53,-0.17,"서운하고 아쉽다.
없어지는 것이 애틋하고 아깝다.
기대에 어그러져 마음이 서운하거나 불만스럽다."
민경환,성나다,-1.67,2.1,"몹시 노엽거나 언짢은 기분이 일다.
거칠고 격한 기운이 일다."
민경환,성내다,-1.25,1.86,노여움을 나타내다.
민경환,소름끼치다,-1.65,1.85,(사람이) 공포나 충격 따위로 섬뜩하다.
민경환,속상하다,-1.68,0.48,화가 나거나 걱정이 되는 따위로 인하여 마음이 불편하고 우울하다.
민경환,속시원하다,1.43,0.15,뜻대로 이루어지거나 걱정이 사라져 후련하다.
민경환,속타다,-1.5,0.92,걱정이 되어 마음이 달다.
민경환,송구하다,-0.94,-0.34,두려워서 마음이 거북스럽다.
민경환,송연하다,-0.68,-0.93,두려워 몸을 옹송그릴 정도로 오싹 소름이 끼치는 듯하다.
민경환,수심,-1.41,-0.59,매우 근심함. 또는 그런 마음.
민경환,수치,-1.84,0.76,다른 사람들을 볼 낯이 없거나 스스로 떳떳하지 못함. 또는 그런 일.
민경환,숙연하다,-0.4,-1.06,고요하고 엄숙하다.
민경환,스산하다,-1.15,-0.28,"몹시 어수선하고 쓸쓸하다.
날씨가 흐리고 으스스하다.
마음이 가라앉지 아니하고 뒤숭숭하다."
민경환,슬프다,-1.31,-0.56,원통한 일을 겪거나 불쌍한 일을 보고 마음이 아프고 괴롭다.
민경환,시기하다,-1.47,0.61,남이 잘되는 것을 샘하여 미워하다.
민경환,시름겹다,-1.6,-0.83,못 견딜 정도로 시름이 많다.
민경환,시무룩하다,-1.3,-1.37,마음에 못마땅하여 말이 없고 얼굴에 언짢은 기색이 있다.
민경환,시원섭섭하다,-0.11,-0.39,한편으로는 답답한 마음이 풀리어 흐뭇하고 가뿐하나 다른 한편으로는 섭섭하다.
민경환,시큰둥하다,-1.12,-0.85,"말이나 행동이 주제넘고 건방지다.
달갑지 아니하거나 못마땅하여 시들하다."
민경환,식상하다,-1.02,-0.89,"어떤 음식을 자꾸 먹어 물리다.
일이나 사물이 되풀이되어 질리다."
민경환,신나다,1.96,1.89,어떤 일에 흥미나 열성이 생겨 기분이 매우 좋아지다.
민경환,신명나다,1.61,1.36,저절로 일어나는 흥겨운 기분과 멋이 생기다.
민경환,신물나다,-1.8,-0.07,매우 오래하여 지긋지긋하고 진절머리가 나다.
민경환,신바람나다,1.72,1.7,몸이 우쭐우쭐하여질 정도로 기분이 몹시 좋아지다.
민경환,실망하다,-1.81,-0.7,희망이나 명망을 잃다. 또는 바라던 일이 뜻대로 되지 아니하여 마음이 몹시 상하다.
민경환,실의,-1.69,-0.4,뜻이나 의욕을 잃음.
민경환,싫다,-1.76,0.76,마음에 들지 아니하다.
민경환,싫증나다,-1.55,-0.06,어떤 것이 더이상 흥미를 끌지 못하거나 귀찮아서 싫어하는 마음이 생기다.
민경환,심드렁하다,-1.2,-0.68,마음에 탐탁하지 아니하여서 관심이 거의 없다.
민경환,심란하다,-1.41,0.01,마음이 어수선하다.
민경환,심려하다,-1.24,-0.24,마음속으로 걱정하다.
민경환,심심하다,-0.69,-1.34,하는 일이 없어 지루하고 재미가 없다.
민경환,심통,-0.58,0.67,마땅치 않게 여기는 나쁜 마음.
민경환,싱숭생숭하다,-0.91,-0.63,마음이 들떠서 갈팡질팡하고 어수선하다.
민경환,쑥스럽다,-0.56,-0.44,하는 짓이나 모양이 자연스럽지 못하여 우습고 싱거운 데가 있다.
민경환,쓸쓸하다,-1.46,-1.2,외롭고 적적하다.
민경환,씁쓸하다,-1.36,-0.92,"조금 쓰다.
달갑지 아니하여 조금 싫거나 언짢다."
민경환,아니꼽다,-1.79,0.28,"비위가 뒤집혀 구역날 듯하다.
하는 말이나 행동이 눈에 거슬려 불쾌하다."
민경환,아련하다,0.03,-0.89,똑똑히 분간하기 힘들게 아렴풋하다.
민경환,아리다,-0.64,-0.28,"혀끝을 찌를 듯이 알알한 느낌이 있다.
상처나 살갗 따위가 찌르는 듯이 아프다.
마음이 몹시 고통스럽다."
민경환,아쉽다,-0.93,-0.44,"필요할 때 없거나 모자라서 안타깝고 만족스럽지 못하다.
미련이 남아 서운하다."
민경환,아슬아슬하다,-0.69,1.2,일 따위가 잘 안될까 봐 두려워서 소름이 끼칠 정도로 마음이 약간 위태롭거나 조마조마하다.
민경환,아연실색하다,-1.35,0.75,뜻밖의 일에 얼굴빛이 변할 정도로 놀라다.
민경환,아연하다,-1.1,-0.76,너무 놀라거나 어이가 없어서 또는 기가 막혀서 입을 딱 벌리고 말을 못 하는 상태이다.
민경환,아찔하다,-1.49,1.61,갑자기 정신이 아득하고 조금 어지럽다.
민경환,안달복달하다,-1.25,1.61,몹시 속을 태우며 조급하게 볶아치다.
민경환,안달하다,-1.48,0.93,속을 태우며 조급하게 굴다.
민경환,안도하다,0.78,-1.99,"사는 곳에서 평안히 지내다.
어떤 일이 잘 진행되어 마음을 놓다."
민경환,안락하다,1.41,-2.1,몸과 마음이 편안하고 즐겁다.
민경환,안쓰럽다,-1.03,-0.66,"손아랫사람이나 약자에게 도움을 받거나 폐를 끼쳤을 때 마음에 미안하고 딱하다.
손아랫사람이나 약자의 딱한 형편이 마음이 아프고 가엽다."
민경환,안정되다,1.11,-1.69,육체적 또는 정신적으로 편안하고 고요함.
민경환,안타깝다,-1.05,-0.48,뜻대로 되지 아니하거나 보기에 딱하여 가슴 아프고 답답하다.
민경환,암담하다,-2.21,-0.67,"어두컴컴하고 쓸쓸하다.
희망이 없고 절망적이다."
민경환,암울하다,-2.02,-0.69,"어두컴컴하고 답답하다.
절망적이고 침울하다."
민경환,애,0.63,-0.01,좋아하여서 탐하는 마음.
민경환,애끓다,-1.06,1.33,몹시 답답하거나 안타까워 속이 끓는 듯하다.
민경환,애달프다,-1.05,0.02,"마음이 안타깝거나 쓰라리다.
애처롭고 쓸쓸하다."
민경환,애닯다,-0.86,-0.12,애달프다. 애처롭고 쓸쓸하다.
민경환,애도하다,-1.04,-0.68,사람의 죽음을 슬퍼하다.
민경환,애련,-0.51,0.01,사랑하고 그리워함.
민경환,애석하다,-1.33,-0.22,슬프고 아깝다.
민경환,애수,-0.07,-0.31,마음을 서글프게 하는 슬픈 시름.
민경환,애잔하다,-0.56,-0.98,"몹시 가냘프고 약하다.
애처롭고 애틋하다."
민경환,애증,-1.28,-0.06,사랑과 미움을 아울러 이르는 말.
민경환,애지중지하다,0.82,0.44,매우 사랑하고 소중히 여기다.
민경환,애처럽다,-0.99,-0.34,가엾고 불쌍하여 마음이 슬프다.
민경환,애타다,-1.55,1.07,몹시 답답하거나 안타까워 속이 끓는 듯하다.
민경환,애통하다,-1.93,0.83,"슬퍼하고 가슴 아파하다.
슬프고 가슴 아프다."
민경환,애틋하다,0.41,0.16,섭섭하고 안타까워 애가 타는 듯하다.
민경환,애환,-1.01,-0.19,슬픔과 기쁨을 아울러 이르는 말.
민경환,야속하다,-1.64,0.56,무정한 행동이나 그런 행동을 한 사람이 섭섭하게 여겨져 언짢다.
민경환,약오르다,-1.38,1.01,비위가 상하여 언짢거나 은근히 화가 나다.
민경환,얄밉다,-1.72,0.99,말이나 행동이 약빠르고 밉다.
민경환,어이없다,-1.11,-0.18,일이 너무 뜻밖이어서 기가 막히는 듯하다.
민경환,어처구니없다,-1.31,0.05,(무엇이) 너무 엄청나거나 뜻밖이어서 기가 막히다.
민경환,억울하다,-2.1,0.41,아무 잘못 없이 꾸중을 듣거나 벌을 받거나 하여 분하고 답답하다.
민경환,언짢다,-1.5,0.13,마음에 들지 않거나 좋지 않다.
민경환,여한,-0.85,-0.37,풀지 못하고 남은 원한.
민경환,역겹다,-2.33,1.13,역정이 나거나 속에 거슬리게 싫다.
민경환,역정,-0.98,1.18,몹시 언짢거나 못마땅하여서 내는 성.
민경환,연모하다,0.45,0.07,어떤 사람이나 존재를 사랑하여 간절히 그리워하다.
민경환,연민,-0.14,-0.66,불쌍하고 가련하게 여김.
민경환,연연하다,-1.0,-0.52,집착하여 미련을 가지다.
민경환,열광하다,1.52,2.66,너무 기쁘거나 흥분하여 미친 듯이 날뛰다.
민경환,열애,1.07,1.73,열렬히 사랑함. 또는 그런 사랑.
민경환,염려하다,-1.24,-0.05,앞일에 대하여 여러 가지로 마음을 써서 걱정하다.
민경환,영광스럽다,1.99,1.2,빛나고 아름다운 영예를 느낄 듯하다.
민경환,영예롭다,1.26,0.62,영예로 여길 만하다.
민경환,외롭다,-1.72,-1.24,홀로 되거나 의지할 곳이 없어 쓸쓸하다.
민경환,우려하다,-1.41,-0.05,근심하거나 걱정하다.
민경환,우수,0.28,-0.62,근심과 걱정을 아울러 이르는 말.
민경환,우습다,-0.28,0.44,"못마땅하여 보기 거북하다.
대단치 아니하거나 하잘것없다."
민경환,우울하다,-1.51,-1.2,근심스럽거나 답답하여 활기가 없다.
민경환,우쭐하다,-0.54,0.27,의기양양하여 뽐내다.
민경환,울분,-1.63,1.74,답답하고 분함. 또는 그런 마음.
민경환,울적하다,-1.44,-1.37,마음이 답답하고 쓸쓸하다.
민경환,울화,-2.13,1.51,마음속이 답답하여 일어나는 화.
민경환,울화통,-2.71,1.93,몹시 쌓이고 쌓인 마음속의 화를 속되게 이르는 말.
민경환,원망하다,-2.14,0.63,못마땅하게 여기어 탓하거나 불평을 품고 미워하다.
민경환,원통하다,-2.15,1.22,분하고 억울하다.
민경환,위압감,-1.68,0.98,위엄이나 위력 따위로 압박당하거나 정신적으로 억눌리는 느낌.
민경환,위축감,-1.45,-0.33,어떤 힘에 눌려 졸아들고 기를 펴지 못하는 느낌.
민경환,위화감,-1.35,0.56,조화되지 아니하는 어설픈 느낌.
민경환,유감,-1.28,0.16,마음에 차지 아니하여 섭섭하거나 불만스럽게 남아 있는 느낌.
민경환,유쾌하다,1.58,1.37,즐겁고 상쾌하다.
민경환,음울하다,-1.93,-0.92,기분이나 분위기 따위가 음침하고 우울하다.
민경환,의기소침하다,-1.49,-1.21,기운이 없어지고 풀이 죽은 상태이다.
민경환,의기양양하다,0.92,1.24,뜻한 바를 이루어 만족한 마음이 얼굴에 나타난 상태이다.
민경환,의분,-0.62,0.39,불의에 대하여 일으키는 분노.
민경환,의아하다,-0.7,0.1,의심스럽고 이상하다.
민경환,의혹,-1.28,0.51,의심하여 수상히 여김. 또는 그런 마음.
민경환,이뻐하다,1.42,0.29,귀여워하다. 사랑스럽고 귀엽다고 여기다.
민경환,자괴,-1.73,-0.18,스스로 부끄러워함.
민경환,자긍,1.37,0.48,스스로에게 긍지를 가짐. 또는 그 긍지.
민경환,자기혐오,-2.11,0.8,자기 자신을 스스로 미워하고 싫어함.
민경환,자랑스럽다,1.72,0.98,남에게 드러내어 뽐낼 만한 데가 있다.
민경환,자만심,-1.33,0.75,자신이나 자신과 관련 있는 것을 스스로 자랑하며 뽐내는 마음.
민경환,자부하다,1.02,0.02,자기 자신 또는 자기와 관련되어 있는 것에 대하여 스스로 그 가치나 능력을 믿고 마음을 당당히 가지다.
민경환,자신만만하다,1.28,1.32,매우 자신이 있다.
민경환,자족하다,1.11,-0.11,"스스로 넉넉함을 느끼다.
필요한 물건을 자기 스스로 충족시키다."
민경환,자책하다,-1.76,0.2,자신의 결함이나 잘못에 대하여 스스로 깊이 뉘우치고 자신을 책망하다.
민경환,재미있다,1.72,0.79,아기자기하게 즐겁고 유쾌한 기분이나 느낌이 있다.
민경환,적의,-2.0,0.88,적대하는 마음. 해치려는 마음.
민경환,적적하다,-1.06,-0.65,조용하고 쓸쓸하다. 하는 일 없이 심심하다.
민경환,전전긍긍,-1.3,0.39,몹시 두려워서 벌벌 떨며 조심함.
민경환,절망하다,-2.09,-0.14,바라볼 것이 없게 되어 모든 희망을 끊어 버리다.
민경환,절박감,-1.73,1.28,일이 급하여 몹시 긴장된 느낌.
민경환,절절하다,-1.31,0.15,매우 간절하다.
민경환,정겹다,1.56,0.02,정이 넘칠 정도로 매우 다정하다.
민경환,정답다,1.32,-0.03,따뜻한 정이 있다.
민경환,정욕,-0.28,1.91,"마음속에 일어나는 여러 가지 욕구.
물건을 탐내고 집착하는 마음."
민경환,정한,-0.65,-0.21,정과 한을 아울러 이르는 말.
민경환,조마조마하다,-1.04,1.28,닥쳐올 일에 대하여 염려가 되어 마음이 불안하다.
민경환,조바심,-1.2,1.21,조마조마하여 마음을 졸임. 또는 그렇게 졸이는 마음.
민경환,좋다,1.54,1.13,"대상의 성질이나 내용 따위가 보통 이상의 수준이어서 만족할 만하다.
성품이나 인격 따위가 원만하거나 선하다.
말씨나 태도 따위가 상대의 기분을 언짢게 하지 아니할 만큼 부드럽다."
민경환,좌절하다,-2.13,-0.3,"마음이나 기운이 꺾이다.
어떠한 계획이나 일 따위가 도중에 실패로 돌아가다."
민경환,죄송스럽다,-1.32,-0.11,죄스러울 정도로 황송한 데가 있다.
민경환,죄스럽다,-1.8,-0.06,죄지은 듯하여 마음이 편하지 아니하다.
민경환,죄의식,-1.97,0.12,저지른 죄과나 잘못에 대하여 스스로 느끼고 깨닫는 것.
민경환,주눅들다,-1.7,-1.21,무섭거나 부끄러워 기세가 약해지다.
민경환,즐겁다,1.89,1.54,마음에 거슬림이 없이 흐뭇하고 기쁘다.
민경환,즐기다,1.57,1.14,"즐겁게 누리거나 맛보다.
무엇을 좋아하여 자주 하다."
민경환,증오하다,-2.25,1.85,아주 사무치게 미워하다.
민경환,지겹다,-1.49,-0.8,넌더리가 날 정도로 지루하고 싫다.
민경환,지긋지긋하다,-1.9,0.05,"진저리가 나도록 몹시 싫고 괴롭다.
몸에 소름이 끼치도록 몹시 잔인하다."
민경환,지루하다,-1.36,-1.86,시간이 오래 걸리거나 같은 상태가 오래 계속되어 따분하고 싫증이 나다.
민경환,지리하다,-1.09,-0.93,(사람이 무엇에) 따분하고 싫증이 난 상태에 있다.
민경환,진노하다,-2.03,1.36,성을 내며 노여워하다.
민경환,진저리나다,-1.93,0.67,몹시 귀찮거나 싫증이 나서 끔찍하다.
민경환,질겁하다,-1.55,1.41,뜻밖의 일에 자지러질 정도로 깜짝 놀라다.
민경환,질리다,-1.71,-0.06,어떤 일이나 음식 따위에 싫증이 나다.
민경환,질색하다,-1.77,1.07,몹시 싫어하거나 꺼리다.
민경환,질투하다,-1.42,1.25,"부부 사이나 사랑하는 이성 사이에서 상대되는 이성이 다른 이성을 좋아할 경우에 지나치게 시기하다.
다른 사람이 잘되거나 좋은 처지에 있는 것 따위를 공연히 미워하고 깎아내리려 하다."
민경환,짜증내다,-1.94,0.88,마음에 탐탁하지 않아서 역정을 내다.
민경환,짝사랑하다,0.28,0.41,한쪽만 상대편을 사랑하다.
민경환,찡하다,0.09,0.67,감동을 받아 가슴 따위가 뻐근해지는 느낌이 들다.
민경환,착잡하다,-1.17,-1.17,갈피를 잡을 수 없이 뒤섞여 어수선하다.
민경환,참담하다,-2.48,-0.74,"끔찍하고 절망적이다.
몹시 슬프고 괴롭다."
민경환,창피하다,-1.46,0.2,체면이 깎이는 일이나 아니꼬운 일을 당하여 부끄럽다.
민경환,처량하다,-1.49,-1.19,"마음이 구슬퍼질 정도로 외롭거나 쓸쓸하다.
초라하고 가엾다."
민경환,처연하다,-1.15,-0.94,기운이 차고 쓸쓸하다.
민경환,처절하다,-2.11,0.35,몹시 처량하다.
민경환,처참하다,-2.36,0.5,몸서리칠 정도로 슬프고 끔찍하다.
민경환,체념하다,-1.53,-0.85,희망을 버리고 아주 단념하다.
민경환,초조하다,-1.26,0.88,애가 타서 마음이 조마조마하다.
민경환,충족감,1.27,0.15,아쉽거나 모자람이 없는 느낌.
민경환,측은하다,-0.93,-0.6,가엾고 불쌍하다.
민경환,치떨리다,-2.2,1.62,참을 수 없이 몹시 분하거나 지긋지긋하다.
민경환,치욕스랍다,-2.4,1.85,욕되고 수치스러운 데가 있다.
민경환,친애하다,0.96,0.04,친밀히 사랑하다.
민경환,침울하다,-1.97,-1.15,"걱정이나 근심에 잠겨서 마음이 우울하다.
날씨나 분위기가 을씨년스럽고 음산하다."
민경환,침통하다,-2.03,0.41,슬픔이나 걱정 따위로 몹시 마음이 괴롭거나 슬프다.
민경환,켕기다,-1.41,0.49,마음속으로 겁이 나고 탈이 날까 불안해하다.
민경환,코웃음,-1.14,-0.08,콧소리를 내거나 코끝으로 가볍게 웃는 비난조의 웃음.
민경환,태평스럽다,0.55,-1.55,아무 근심 걱정이 없고 평안한 데가 있다.
민경환,토라지다,-1.3,0.36,마음에 들지 아니하고 뒤틀리어서 싹 돌아서다.
민경환,통분,-1.48,1.51,원통하고 분함.
민경환,통쾌하다,1.79,1.71,아주 즐겁고 시원하여 유쾌하다.
민경환,통탄하다,-2.17,1.36,몹시 탄식하다.
민경환,통한,-1.84,0.94,"몹시 분하거나 억울하여 한스럽게 여김.
몹시 원통한 데가 있음."
민경환,패배감,-2.37,0.2,싸움이나 경쟁 따위에서 자신이 없어 무력해지는 느낌. 또는 싸움이나 경쟁 따위에서 진 뒤에 느끼는 절망감이나 치욕스러운 감정.
민경환,편안하다,1.4,-1.67,편하고 걱정 없이 좋다.
민경환,편하다,1.54,-1.3,"몸이나 마음이 거북하거나 괴롭지 아니하여 좋다.
쉽고 편리하다."
민경환,평안하다,1.63,-1.94,걱정이나 탈이 없다. 또는 무사히 잘 있다.
민경환,평온하다,1.46,-1.54,조용하고 평안하다.
민경환,평화롭다,1.62,-1.76,평온하고 화목하다.
민경환,풀죽다,-1.5,-1.31,기세나 기운이 없어지다.
민경환,한,-1.65,0.67,몹시 원망스럽고 억울하거나 안타깝고 슬퍼 응어리진 마음.
민경환,한맺히다,-2.4,1.09,몹시 원망스럽고 억울하거나 안타깝고 슬퍼 가슴 속에 한을 품다.
민경환,한스럽다,-1.73,0.13,한이 되는 느낌이 있다.
민경환,한탄하다,-1.98,1.06,원통하거나 뉘우치는 일이 있을 때 한숨을 쉬며 탄식하다.
민경환,행복하다,2.16,0.7,생활에서 충분한 만족과 기쁨을 느끼어 흐뭇하다.
민경환,향수,0.99,-1.44,고향을 그리워하는 마음이나 시름.
민경환,허망하다,-1.89,-1.13,"거짓되고 망령되다.
어이없고 허무하다."
민경환,허무하다,-1.72,-1.08,"아무것도 없이 텅 빈 상태이다.
무가치하고 무의미하게 느껴져 매우 허전하고 쓸쓸하다.
헛되거나 보잘것없다."
민경환,허전하다,-1.09,-1.47,"주위에 아무것도 없어서 공허한 느낌이 있다.
무엇을 잃거나 의지할 곳이 없어진 것같이 서운한 느낌이 있다.
느즈러져 안정감이 없다."
민경환,허탈하다,-1.33,-0.8,몸에 기운이 빠지고 정신이 멍하다.
민경환,허허롭다,-0.93,-0.94,"텅 빈 느낌이 있다.
매우 허전한 느낌이 있다."
민경환,혐오하다,-2.2,1.57,싫어하고 미워하다.
민경환,혼비백산하다,-1.68,1.98,몹시 놀라 넋을 잃다. 혼백이 어지러이 흩어진다는 뜻에서 나온 말이다.
민경환,홀가분하다,2.24,-0.74,"거추장스럽지 아니하고 가볍고 편안하다.
다루기가 만만하여 대수롭지 아니하다."
민경환,화나다,-1.83,1.91,못마땅하거나 언짢아서 노엽고 답답한 감정이 생기다.
민경환,환멸,-2.29,1.62,꿈이나 기대나 환상이 깨어짐. 또는 그때 느끼는 괴롭고도 속절없는 마음.
민경환,황공하다,0.25,0.57,위엄이나 지위 따위에 눌리어 두렵다.
민경환,황당하다,-0.7,0.92,말이나 행동 따위가 참되지 않고 터무니없다.
민경환,황송하다,0.07,0.18,분에 넘쳐 고맙고도 송구하다.
민경환,황홀하다,1.72,1.14,눈이 부시어 어릿어릿할 정도로 찬란하거나 화려하다.
민경환,회개,-0.09,-0.42,잘못을 뉘우치고 고침.
민경환,회오,-0.37,0.1,잘못을 뉘우치고 깨달음.
민경환,회한,-1.51,0.41,뉘우치고 한탄함.
민경환,후련하다,1.33,-0.39,"좋지 아니하던 속이 풀리거나 내려서 시원하다.
답답하거나 갑갑하여 언짢던 것이 풀려 마음이 시원하다."
민경환,후회하다,-1.55,0.06,이전의 잘못을 깨치고 뉘우치다.
민경환,흐뭇하다,1.48,-0.15,마음에 흡족하여 매우 만족스럽다.
민경환,흠모하다,0.94,0.34,기쁜 마음으로 공경하며 사모하다.
민경환,흡족하다,1.77,0.14,조금도 모자람이 없을 정도로 넉넉하여 만족하다.
민경환,흥겹다,1.72,1.5,매우 흥이 나서 즐겁다.
민경환,흥나다,1.5,2.0,흥취가 생기다.
민경환,흥미롭다,1.56,0.76,흥을 느끼는 재미가 있다.
민경환,흥미진진하다,1.4,1.21,넘쳐흐를 정도로 흥미가 매우 많다.
민경환,흥취,0.71,1.08,흥과 취미를 아울러 이르는 말.
민경환,희,1.21,0.61,기쁘고 즐거운.
민경환,희비,-0.2,0.61,기쁨과 슬픔을 아울러 이르는 말.
민경환,희희낙락하다,0.71,0.8,매우 기뻐하고 즐거워하다.
고일주,가혹하다,-1.89,0.6,몹시 모질고 혹독하다.
고일주,간절하다,0.48,0.66,"정성이나 마음 씀씀이가 더없이 정성스럽고 지극하다.
마음속에서 우러나와 바라는 정도가 매우 절실하다."
고일주,감사하다,2.22,-0.51,"고맙게 여기다.
고마운 마음이 있다."
고일주,갑갑하다,-1.71,-0.3,"옷 따위가 여유 없이 달라붙거나 압박하여 유쾌하지 못한 상태에 있다.
좁고 닫힌 공간 속에 있어 꽉 막힌 느낌이 있다.
너무 더디거나 지루하여 견디기에 진력이 나다."
고일주,갑작스럽다,-0.54,0.42,미처 생각할 겨를이 없이 급하게 일어난 데가 있다.
고일주,강추,2.25,1.44,강력하게 추천함.
고일주,개떡같다,-2.28,0.9,마음에 썩 달갑지 않고 하찮다.
고일주,개의치않다,-0.18,-0.57,어떤 일 따위를 마음에 두고 생각하거나 신경을 쓰지 않다.
고일주,거슬리다,-1.98,-0.15,순순히 받아들여지지 않고 언짢은 느낌이 들며 기분이 상하다.
고일주,거지같다,-2.1,0.66,"주로 '거지같은'의 꼴로 쓰여, 남을 업신여기고 욕하는 뜻을 나타내는 말.
거칠고 교양이 없으며 난폭하다."
고일주,경이롭다,1.92,0.99,놀랍고 신기한 데가 있다.
고일주,고대하다,1.38,0.48,몹시 기다리다.
고일주,고통스럽다,-2.34,0.57,몸이나 마음이 괴롭고 아픈 느낌이 있다.
고일주,관심있다,1.92,0.24,어떤 것에 마음이 끌려 주의를 기울임. 또는 그런 마음이나 주의를 두다.
고일주,괜찮다,1.44,-1.11,"별로 나쁘지 않고 보통 이상이다.
탈이나 문제, 걱정이 되거나 꺼릴 것이 없다."
고일주,굉장한,1.05,1.17,"아주 크고 훌륭하다.
보통 이상으로 대단하다."
고일주,구리다,-1.92,0.06,"하는 짓이 더럽고 지저분하다.
행동이 떳떳하지 못하고 의심스럽다."
고일주,귀엽다,2.25,0.24,예쁘고 곱거나 또는 애교가 있어서 사랑스럽다.
고일주,그냥,-0.09,-0.42,"더 이상의 변화 없이 그 상태 그대로.
그런 모양으로 줄곧.
아무런 대가나 조건 또는 의미 따위가 없이."
고일주,그다지,-0.96,-0.72,그러한 정도로는. 또는 그렇게까지는.
고일주,그럭저럭,-0.18,-0.33,"충분하지는 않지만 어느 정도로.
그렇게 저렇게 하는 사이에 어느덧."
고일주,극심하다,-1.41,0.45,매우 심하다.
고일주,기대하다,1.65,0.81,어떤 일이 원하는 대로 이루어지기를 바라면서 기다리다.
고일주,기묘하다,-0.06,-0.27,생김새 따위가 이상하고 묘하다.
고일주,기원하다,1.2,-0.54,기대하고 바라다.
고일주,깜놀,0.24,1.35,'깜짝 놀라다'를 줄여 이르는 말.
고일주,꿀꿀하다,-1.41,-0.99,흐리거나 궂은 상태에 있다.
고일주,낭만적이다,1.77,-0.45,"현실에 매이지 않고 감상적이고 이상적으로 사물을 대하는 것.
감미롭고 감상적인 것."
고일주,낯설다,-0.75,-0.18,"전에 본 기억이 없어 익숙하지 아니하다.
사물이 눈에 익지 아니하다."
고일주,냉혹하다,-1.65,-1.05,차갑고 혹독하다.
고일주,느끼다,0.48,0.51,"감각 기관을 통하여 어떤 자극을 깨닫다.
마음속으로 어떤 감정 따위를 체험하고 맛보다.
어떤 사실, 책임, 필요성 따위를 체험하여 깨닫다."
고일주,다행이다,1.65,-0.39,뜻밖에 일이 잘되어 운이 좋다.
고일주,달달하다,1.74,0.45,꿀이나 설탕의 맛과 같이 달다.
고일주,당당하다,1.53,0.15,남 앞에 내세울 만큼 모습이나 태도가 떳떳하다.
고일주,대단하다,1.89,0.3,"몹시 크거나 많다.
출중하게 뛰어나다."
고일주,대박,1.71,1.5,어떤 일이 크게 이루어짐을 비유적으로 이르는 말.
고일주,대성통곡,-1.47,1.2,큰 소리로 몹시 슬프게 곡을 함.
고일주,더럽다(기분이),-2.25,0.72,못마땅하거나 불쾌하다.
고일주,덜덜,-0.54,0.63,춥거나 무서워서 몸을 몹시 떠는 모양.
고일주,덩실덩실,2.1,1.35,신이 나서 팔다리를 흥겹게 자꾸 놀리며 춤을 추는 모양.
고일주,독하다,-1.35,0.06,독기가 있다. 마음이나 성격 따위가 모질다.
고일주,두근두근,1.92,1.44,몹시 놀라거나 불안하여 자꾸 가슴이 뛰는 소리. 또는 그 모양.
고일주,뒤숭숭하다,-1.47,-0.09,"느낌이나 마음이 어수선하고 불안하다.
일이나 물건이 어수선하게 뒤섞이거나 흩어져 있다."
고일주,드라마틱하다,1.41,1.29,연극처럼 놀랍거나 갑작스러워서 감격적이거나 인상적이다.
고일주,든든하다,2.19,-0.6,어떤 것에 대한 믿음으로 마음이 허전하거나 두렵지 않고 굳세다. 믿음직할 정도로 알차고 실하다.
고일주,따뜻하다,2.43,-1.23,"덥지 않을 정도로 온도가 알맞게 높다.
감정, 태도, 분위기 따위가 정답고 포근하다."
고일주,땡긴다,1.41,1.2,좋아하는 마음이 일어나 저절로 끌리다.
고일주,떨리다,0.48,1.41,긴장이나 흥분 따위로 불안하게 되다.
고일주,뜨악,-0.99,0.93,"마음이 선뜻 내키지 않아 꺼림칙하고 싫다.
마음이나 분위기가 맞지 않아 서먹하다. 또는 사귀는 사이가 떠서 서먹하다."
고일주,마음고생하다,-1.59,-0.6,마음속으로 괴로움을 겪다.
고일주,망극하다,0.21,-0.3,임금이나 어버이의 은혜가 한이 없다.
고일주,망했다,-2.16,0.51,"개인, 가정, 단체 따위가 제 구실을 하지 못하고 끝장이 나다."
고일주,먹먹하다,-1.2,-0.93,"갑자기 귀가 막힌 듯이 소리가 잘 들리지 않다.
체한 것같이 가슴이 답답하다."
고일주,멋지다,2.13,0.48,"보기에 썩 좋다.
썩 훌륭하다."
고일주,멘붕,-1.68,0.99,멘탈 붕괴'를 줄여 이르는 말.
고일주,모욕감,-2.19,1.38,모욕을 당하는 느낌.
고일주,묘하다,0.18,-0.09,"모양이나 동작이 색다르다.
일이나 이야기의 내용 따위가 기이하여 표현하거나 규정하기 어렵다.
수완이나 재주 따위가 남달리 뛰어나거나 약빠르다."
고일주,무시하다,-1.92,-0.33,사람을 깔보거나 업신여기다.
고일주,무진장,0.63,1.08,"다함이 없이 많이.
덕이 넓어 끝이 없음."
고일주,뭉클,1.23,-0.03,슬픔이나 노여움 따위의 감정이 북받치어 가슴이 갑자기 꽉 차는 듯한 느낌.
고일주,미워하다,-1.92,0.39,밉게 여기거나 밉게 여기는 생각을 직접 행동으로 드러내다.
고일주,미치겠다,-1.2,1.32,정신이 나갈 정도로 매우 괴로워하다.
고일주,민감하다,-0.42,0.33,자극에 빠르게 반응을 보이거나 쉽게 영향을 받는 데가 있다.
고일주,바보,-0.75,0.0,"지능이 부족하여 정상적으로 판단하지 못하는 사람을 낮잡아 이르는 말.
어리석고 멍청하거나 못난 사람을 욕하거나 비난하여 이르는 말."
고일주,벅차다,-1.02,0.57,"감당하기가 어렵다.
감격, 기쁨, 희망 따위가 넘칠 듯이 가득하다."
고일주,벌렁벌렁,0.15,1.38,약간 무겁지만 재빠르게 자꾸 움직이는 모양을 나타내는 말.
고일주,별로다,-1.65,-0.63,생각했던 것보다 많이 ~하지는 않다.
고일주,보고싶다,1.62,-0.48,누군가를 만나고자 하는 마음이 있다.
고일주,볼만하다,0.63,-0.15,"구경거리가 될 만하다.
보고 얻을 것이 많거나 볼 가치가 있다."
고일주,부담스럽다,-1.98,-0.48,어떠한 의무나 책임을 져야 할 듯한 느낌이 있다.
고일주,부드럽다,1.89,-1.02,성질이나 태도가 억세지 아니하고 매우 따뜻하다.
고일주,불끈,0.57,1.23,"흥분하여 성을 월컥 내는 모양.
주먹에 힘을 주어 꽉 쥐는 모양."
고일주,브라보,2.13,1.8,"'잘한다', '좋다', '신난다' 따위의 뜻으로 외치는 소리."
고일주,비난하다,-1.98,0.63,남의 잘못이나 결점을 책잡아서 나쁘게 말하다.
고일주,빡세다,-1.47,0.87,(속되게) 하는 일이 힘들고 고되다.
고일주,빨랑,-0.63,1.29,빨리. 걸리는 시간이 짧게.
고일주,빵터지다,2.04,1.95,갑자기 웃음이 터지다.
고일주,뻔뻔하다,-1.38,0.12,생김새가 음전하고 미끈하다.
고일주,산뜻하다,2.34,0.18,"기분이나 느낌이 깨끗하고 시원하다.
보기에 시원스럽고 말쑥하다."
고일주,살랑살랑,1.77,0.51,"조금 사늘한 바람이 가볍게 자꾸 부는 모양.
팔이나 꼬리 따위를 가볍게 자꾸 흔드는 모양."
고일주,상처받다,-1.71,-0.39,남의 언행에 의해 정신적으로 또는 심리적으로 아픔이나 괴로움을 겪다.
고일주,생생하다,1.62,1.08,"시들거나 상하지 아니하고 생기가 있다.
힘이나 기운 따위가 왕성하다.
빛깔 따위가 맑고 산뜻하다."
고일주,선선하다,1.44,-0.54,"시원한 느낌이 들 만큼 서늘하다.
까다롭지 않고 시원스럽다."
고일주,섬세하다,1.92,-1.41,"곱고 가늘다.
매우 찬찬하고 세밀하다."
고일주,세심하다,1.59,-1.59,작은 일에도 꼼꼼하게 주의를 기울여 빈틈이 없다.
고일주,섹시하다,1.38,1.47,외모나 언행에 성적 매력이 있다.
고일주,소망하다,2.01,-0.72,어떤 일을 바라다. 간곡하게 바라다.
고일주,소소한,0.6,-0.93,얼마 되지 않는. 대수롭지 않고 자질구레한.
고일주,소심하다,-1.23,-0.93,대담하지 못하고 조심성이 지나치게 많다.
고일주,소원하다,0.24,-0.3,강한 주장이나 표현으로 하소연하다.
고일주,소중하다,2.07,-1.08,지니고 있는 가치나 의미가 중요하여 매우 귀하다.
고일주,솔직하다,1.8,-0.69,거짓이나 숨김이 없이 바르고 곧다.
고일주,쇼킹,-0.72,1.32,어떠한 일 따위가 충격을 받을 만큼 매우 놀랍다.
고일주,수줍다,0.6,-0.36,숫기가 없어 다른 사람 앞에서 말이나 행동을 하는 것이 어렵거나 부끄럽다. 또는 그런 태도가 있다.
고일주,순수하다,2.13,-0.96,"전혀 다른 것의 섞임이 없다.
사사로운 욕심이나 못된 생각이 없다."
고일주,스트레스,-2.01,0.99,"적응하기 어려운 환경이나 조건에 처할 때 느끼는 심리적, 신체적 긴장 상태."
고일주,시달리다,-1.95,0.48,괴로움이나 성가심을 당하다.
고일주,시리다(가슴이),-1.5,-1.11,(가슴 따위가) 괴롭고 힘들다.
고일주,시샘하다,-1.71,0.75,(사람이 자기보다 잘되거나 나은 사람을) 괜히 미워하고 싫어하다.
고일주,시원하다,1.74,0.36,"음식이 차고 산뜻하거나, 뜨거우면서 속을 후련하게 하는 점이 있다.
막힌 데가 없이 활짝 트이어 마음이 후련하다."
고일주,신기하다,1.53,0.75,믿을 수 없을 정도로 색다르고 놀랍다.
고일주,신중하다,1.41,-1.59,매우 조심스럽다. 가볍지 않고 조심스럽다.
고일주,싱그럽다,2.01,-0.21,싱싱하고 맑은 향기가 있다. 또는 그런 분위기가 있다.
고일주,싱싱하다,1.68,0.36,"시들거나 상하지 아니하고 생기가 있다.
힘이나 기운 따위가 왕성하다."
고일주,쌀쌀하다,-0.48,-0.27,춥게 느껴질 정도로 차다 정답지 않고 차다.
고일주,썩을,-2.19,0.96,마음에 들지 않거나 나쁜 상황.
고일주,썰렁하다,-1.02,-0.69,(말이나 이야기가) 분위기에 걸맞지 않고 어색하다.
고일주,쓰라리다,-1.32,0.06,"상처가 쓰리고 아리다.
마음이 몹시 괴롭다."
고일주,아깝다,-0.66,0.15,"소중히 여기는 것을 잃어 섭섭하거나 서운한 느낌이 있다.
어떤 대상이 가치 있는 것이어서 버리거나 내놓기가 싫다.
가치 있는 대상이 제대로 쓰이거나 다루어지지 못하여 안타깝다."
고일주,아놔,-1.98,1.02,황당하거나 어이없을 때 쓰는 말.
고일주,아름답다,2.31,0.24,"보이는 대상이나 음향, 목소리 따위가 균형과 조화를 이루어 눈과 귀에 즐거움과 만족을 줄 만하다.
하는 일이나 마음씨 따위가 훌륭하고 갸륵한 데가 있다."
고일주,아싸,2.25,2.07,뜻밖에 기쁜 일이 생겼거나 원하는 일을 이루었을 때 내는 말.
고일주,아이쿠,-0.93,0.45,아이코 힘에 부치거나 아프거나 피곤할 때 내는 말.
고일주,아자아자,2.25,0.93,스스로를 혹은 다른 사람을 응원하고 격려할 때 하는 말. 아자를 더 강조하여 이르는 말.
고일주,아프다,-1.38,0.0,"몸의 어느 부분이 다치거나 맞거나 자극을 받아 괴로움을 느끼다.
몸이 병이 나거나 들어 앓는 상태에 있다.
오랫동안 어떤 일을 하여 몸의 어떤 부분에 괴로운 느낌을 받는 상태에 있다."
고일주,아하,1.8,0.99,미처 생각하지 못한 것을 깨달았을 때 가볍게 내는 소리.
고일주,악하다,-1.92,-0.06,인간의 도덕적 기준에 어긋나 나쁘다.
고일주,앗,-0.66,1.23,"다급하거나 놀랐을 때 지르는 외마디 소리.
한순간에 힘을 모아 낼 때 지르는 소리."
고일주,야하다,-0.36,1.47,"성적인 호기심을 자극하는 힘이 있다.
점잖지 못하고 천하게 아리땁다."
고일주,어머,0.33,0.93,주로 여자들이 예상하지 못한 일로 깜짝 놀라거나 끔찍한 느낌이 들었을 때 내는 소리.
고일주,어색하다,-0.87,-0.63,"잘 모르거나 아니면 별로 만나고 싶지 않았던 사람과 마주 대하여 자연스럽지 못하다.
대답하는 말 따위가 경위에 몰리어 궁색하다.
격식이나 규범, 관습 따위에 맞지 아니하여 자연스럽지 아니하다."
고일주,어이쿠,-0.57,0.81,"몹시 아프거나 힘들거나 놀라거나 원통하거나 기막힐 때 내는 소리.
몹시 반갑거나 좋을 때 내는 소리.
몹시 절망하거나 좌절하거나 탄식할 때 내는 소리."
고일주,어지럽다,-1.14,-0.15,"몸을 제대로 가눌 수 없이 정신이 흐리고 얼떨떨하다.
모든 것이 뒤섞이거나 뒤얽혀 갈피를 잡을 수 없다.
사회가 혼란스럽고 질서가 없다."
고일주,엄청,0.96,0.93,양이나 정도가 아주 지나친 상태.
고일주,에구,-0.99,-0.33,"(기본의미) 매우 반갑거나 기분이 아주 좋을 때 내는 말.
몹시 놀라거나 기가 막힌 일을 당했을 때 내는 말.
몹시 힘에 부치거나 아프거나 피곤할 때 내는 말."
고일주,여유있다,2.04,-1.5,"물질적ㆍ공간적ㆍ시간적으로 넉넉하다.
느긋하고 차분하게 생각하거나 행동하다. 또는 대범하고 너그럽게 일을 처리하다."
고일주,연약하다,-0.27,-0.75,무르고 부드럽고 약하다.
고일주,열망하다,1.26,1.11,열렬하게 바라다.
고일주,열받다,-2.01,1.8,어떤 일에 화가 나거나 흥분을 하여 몸이 달아오르다.
고일주,예쁘다,2.22,0.57,"생긴 모양이 아름다워 눈으로 보기에 좋다.
행동이나 동작이 보기에 사랑스럽거나 귀엽다.
아이가 말을 잘 듣거나 행동이 발라서 흐뭇하다."
고일주,오글거리다,-0.81,0.33,어떤 말이나 행동에 민망함을 느끼다.
고일주,오싹하다,-1.35,0.93,몹시 무섭거나 추워서 갑자기 몸이 움츠러들거나 소름이 끼치다.
고일주,오올,1.59,0.57,"뭔가 좋은 일이 생겼거나, 훈훈한 광경을 목격했을 때 내뱉는 일종의 감탄사."
고일주,와따요,0.99,1.05,"기분이 좋을 때 내지르는 탄성이다. '바라던 것이 왔구나', 혹은 '최고다'라는 뜻으로 사용하는 말이다."
고일주,완연하다,0.87,-0.66,"눈에 보이는 것처럼 아주 뚜렷하다.
모양이 서로 비슷하다."
고일주,왕창,0.51,1.23,(속되게) 엄청나게 큰 규모로.
고일주,용서하다,1.68,-1.47,지은 죄나 잘못한 일에 대하여 꾸짖거나 벌하지 아니하고 덮어 주다.
고일주,욱하다,-1.86,1.83,앞뒤를 헤아림 없이 격한 마음이 불끈 일어나다.
고일주,울컥하다,-1.41,0.63,격한 감정이 갑자기 일어나다.
고일주,웃기다,1.74,0.75,기쁘거나 만족스럽거나 우습게 하여 얼굴을 활짝 펴거나 소리를 내게 하다.
고일주,원하다,1.53,0.33,무엇을 바라거나 하고자 하다.
고일주,위협하다,-2.19,1.26,힘으로 으르고 협박하다.
고일주,유혹하다,-0.36,1.17,"꾀어서 정신을 혼미하게 하거나 좋지 아니한 길로 이끌다.
성적인 목적을 갖고 이성을 꾀다."
고일주,으슬으슬,-0.93,-0.33,소름이 끼칠 정도로 매우 차가운 느낌이 잇따라 드는 모양.
고일주,으쌰으쌰,2.04,0.87,힘을 합하여 어떤 일을 추진하고자 할 때 기운을 돋우기 위하여 내지르는 소리.
고일주,으하하,1.68,1.41,입을 크게 벌리며 거리낌 없이 크게 웃는 소리. 또는 그 모양.
고일주,은혜롭다,2.19,-0.93,고맙게 베풀어 주는 신세나 혜택이 있다.
고일주,음...,-0.57,-0.66,"무엇을 수긍한다는 뜻으로 내는 소리. 입을 다물고 입 속으로 낸다.
무엇이 불만스럽거나 걱정스러울 때 내는 소리.
의문스러울 때 내는 소리."
고일주,이끌리다,1.68,0.66,"목적하는 곳으로 가는 사람을 따라가게 되다.
관심 따위가 쏠리게 되다."
고일주,이씨,-1.38,1.26,기분이 불쾌하거나 못마땅할 때 내는 말.
고일주,인상적이다,1.83,0.12,인상이 강하게 남는 것.
고일주,잉잉,-0.6,0.27,어린아이가 입을 찡그리듯 벌리고 밉살스럽게 자꾸 우는 소리. 또는 그 모양.
고일주,자유롭다,1.83,-0.3,구속이나 속박 따위가 없이 제 마음대로 할 수 있다.
고일주,자존심,0.45,0.12,남에게 굽히지 아니하고 자신의 품위를 스스로 지키는 마음.
고일주,잔인하다,-2.49,0.42,인정이 없고 아주 모질다.
고일주,잔잔하다,0.9,-1.29,"바람이나 물결 따위가 가라앉아 잠잠하다.
분위기가 고요하고 평화롭다.
태도 따위가 차분하고 평온하다."
고일주,저질이다,-2.13,0.72,어떤 기준보다 낮은 품질.
고일주,전율,1.11,1.59,"몹시 무섭거나 두려워 몸이 벌벌 떨림.
몸이 떨릴 정도로 감격스러움을 비유적으로 이르는 말."
고일주,절묘하다,1.44,0.48,비할 데가 없을 만큼 아주 묘하다.
고일주,절실하다,-0.33,0.42,"느낌이나 생각이 뼈저리게 강렬한 상태에 있다.
매우 시급하고도 긴요한 상태에 있다."
고일주,제발,-0.69,0.63,"간절히 바라건대.
요청하는 것이 간절함을 나타내는 말.
거절하거나 하고 싶지 않음을 나타내는 말."
고일주,젠장,-1.89,1.14,뜻에 맞지 않고 불만스러울 때 혼자 욕으로 하는 말.
고일주,조심하다,0.18,-1.14,잘못이나 실수가 없도록 말이나 행동에 마음을 쓰다.
고일주,존경하다,2.34,-1.35,"남의 인격, 사상, 행위 따위를 받들어 공경하다."
고일주,죽겠다,-1.71,0.48,정말 힘들다는 말을 비유적으로 뜻하는 말.
고일주,죽인다,-1.56,1.26,{속된 말로} (무엇이) 매우 멋지거나 훌륭하다.
고일주,중대하다,0.6,-0.12,가볍게 여길 수 없을 만큼 매우 중요하고 크다.
고일주,지못미,-0.9,-0.24,지켜 주지 못해 미안하다.'를 줄여 이르는 말.
고일주,지저분하다,-1.77,-0.33,"정돈이 되어 있지 아니하고 어수선하다.
보기 싫게 더럽다.
말이나 행동이 추잡하고 더럽다."
고일주,지치다,-1.74,-1.02,"힘든 일을 하거나 병, 괴로움 따위에 시달려 기운이 빠지다.
물려서 하고자 하는 적극적인 의지가 없어지다."
고일주,지혜롭다,2.37,-1.47,사물의 이치를 빨리 깨닫고 사물을 정확하게 처리하는 정신적 능력이 있다.
고일주,진솔하다,1.95,-1.32,진실하고 솔직하다.
고일주,진실되다,1.92,-0.99,거짓이 없이 바르고 참되다. (=참되다).
고일주,진심,1.8,-0.78,"거짓이 없는 참된 마음.
참되고 변하지 않는 마음의 본체."
고일주,질질,-1.56,-0.09,"바닥에 늘어지거나 닿아서 느리게 끌리는 소리. 또는 그 모양.
이끄는 대로 힘없이 끌려가는 모양.
정한 날짜나 기한 따위를 자꾸 뒤로 미루는 모양."
고일주,짠하다,-0.03,0.0,(사람이나 그 마음이) 어떤 일이나 행동이 후회가 되어 아프고 언짢다.
고일주,짱,2.31,2.04,‘최고’ 혹은 ‘대장’을 속되게 이르는 말.
고일주,짱나다,-1.95,1.29,마음에 탐탁하지 않아서 역정이 나다.
고일주,쩔다,0.15,1.35,"(속되게) 어떤 사람이나 사물, 현상 따위가 자신의 짐작이나 예상을 뛰어넘어 대단하게 나타나다."
고일주,쯧,-1.77,-0.36,연민을 느끼거나 마음에 못마땅하여 가볍게 혀를 차는 소리.
고일주,차분하다,1.2,-1.95,마음이 가라앉아 조용하다.
고일주,찬양하다,0.9,0.96,아름답고 훌륭함을 크게 기리고 드러내다.
고일주,참다,-0.12,-0.87,"웃음, 울음, 아픔 따위를 억누르고 견디다.
충동, 감정 따위를 억누르고 다스리다.
어떤 기회나 때를 견디어 기다리다."
고일주,처지다,-1.56,-0.63,감정 혹은 기분 따위가 바닥으로 잠겨 가라앉다.
고일주,촉촉하다,1.35,-0.36,물기가 있어 조금 젖은 듯하다.
고일주,최고,2.25,0.6,"가장 높음.
으뜸인 것. 또는 으뜸이 될 만한 것."
고일주,최악,-2.4,0.24,가장 심하게 나쁨.
고일주,축하하다,2.13,0.96,남의 좋은 일을 기뻐하고 즐거워한다는 뜻으로 인사하다.
고일주,충격받다,-1.29,1.29,슬픈 일이나 뜻밖의 사건 따위로 마음에 받은 심한 자극이나 영향을 받다.
고일주,취하다,-0.6,0.81,"일정한 조건에 맞는 것을 골라 가지다.
자기 것으로 만들어 가지다.
어떤 일에 대한 방책으로 어떤 행동을 하거나 일정한 태도를 가지다."
고일주,치열하다,-0.33,1.74,기세나 세력 따위가 불길같이 맹렬하다.
고일주,친근하다,2.1,-0.51,"사귀어 지내는 사이가 아주 가깝다.
친하여 익숙하고 허물이 없다."
고일주,쾌락,0.6,1.47,"유쾌하고 즐거움. 또는 그런 느낌.
감성의 만족, 욕망의 충족에서 오는 유쾌하고 즐거운 감정."
고일주,쿨하다,1.62,-0.54,꾸물거리거나 답답하지 않고 거슬리는 것 없이 시원시원하다.
고일주,킁킁,-0.21,0.03,콧구멍으로 숨을 세차게 띄엄띄엄 내쉬는 소리.
고일주,토나온다,-2.58,1.68,(무엇이) 속이 메슥메슥하고 구역질이 날 만큼 거슬리는 듯하다.
고일주,팍팍,0.0,0.6,"잇따라 힘 있게 내지르는 소리. 또는 그 모양.
잇따라 힘없이 거꾸러지는 소리. 또는 그 모양."
고일주,패닉,-2.31,0.66,근거 없는 두려움이나 공포로 갑자기 심리적 불안 상태가 되는 현상.
고일주,포근하다,2.22,-1.35,"도톰한 물건이나 자리 따위가 보드랍고 따뜻하다.
감정이나 분위기 따위가 보드랍고 따뜻하여 편안한 느낌이 있다.
겨울 날씨가 바람이 없고 따뜻하다."
고일주,풋,0.0,0.06,갑자기 짧은 웃음을 터뜨리는 소리.
고일주,풍성하다,2.19,-0.09,(무엇이) 넉넉하고 많다.
고일주,피곤하다,-1.23,-0.96,몸이나 마음이 지치어 고달프다.
고일주,피식피식,-0.03,0.12,입술을 힘없이 터뜨리며 자꾸 싱겁게 웃을 때 나는 소리. 또는 그 모양.
고일주,하찮다,-1.89,-0.03,"그다지 훌륭하지 아니하다.
대수롭지 아니하다."
고일주,한심하다,-2.28,-0.21,정도에 너무 지나치거나 모자라서 딱하거나 기막히다.
고일주,해맑다,2.13,0.33,사람의 모습이나 자연의 대상 따위에 잡스러운 것이 섞이지 않아 티 없이 깨끗하다.
고일주,향기롭다,2.31,-0.03,꽃이나 향 따위에서 나는 것과 같은 좋은 향기가 있다.
고일주,허겁지겁,-0.99,1.35,조급한 마음으로 몹시 허둥거리는 모양.
고일주,헉,-0.78,1.26,몹시 놀라거나 숨이 차서 숨을 순간적으로 멈추거나 들이마시는 소리. 또는 그 모양.
고일주,헐,-0.69,0.15,놀라거나 어이가 없을 때에 내는 소리.
고일주,호구,-1.83,0.24,어수룩하여 이용하기 좋은 사람을 비유적으로 이르는 말.
고일주,혼란스럽다,-1.59,0.54,보기에 뒤죽박죽이 되어 어지럽고 질서가 없는 데가 있다.
고일주,화끈하다,1.14,1.62,"몸이나 쇠 따위가 뜨거운 기운을 받아 갑자기 달아오르는 느낌이 있다.
일을 아주 시원스럽게 하는 맛이 있다."
고일주,화들짝,-0.21,1.29,별안간 호들갑스럽게 펄쩍 뛸 듯이 놀라는 모양.
고일주,화사하다,1.8,0.66,화려하게 곱다. 두드러지게 곱고 밝다.
고일주,화이팅,2.25,1.08,"운동 경기에서, 선수들끼리 잘 싸우자는 뜻으로 외치는 소리. 또는 응원하는 사람이 선수에게 잘 싸우라는 뜻으로 외치는 소리."
고일주,확신하다,1.83,-0.12,굳게 믿다.
고일주,환상적이다,2.1,1.29,현실에 있을 수 없다고 느껴질 만큼 좋거나 뛰어나다.
고일주,활발하다,1.92,0.63,생기 있고 힘차며 시원스럽다.
고일주,후다닥,0.21,0.9,"갑자기 빠른 동작으로 뛰거나 몸을 움직이는 모양.
일을 서둘러 빨리 해치우는 모양."
고일주,후덜덜,-1.08,0.45,몹시 놀랍거나 무서워서 팔다리나 몸이 자꾸 크게 떨리는 모양.
고일주,후딱,0.27,0.9,"매우 날쌔게 행동하는 모양.
시간이 매우 빠르게 지나가는 모양."
고일주,후훗,1.2,0.21,기분이 좋거나 흐뭇할 때 웃는 소리를 나타내는 말.
고일주,훌쩍,-0.96,0.39,"액체 따위를 단숨에 남김없이 들이마시는 소리. 또는 그 모양.
콧물을 단숨에 들이마시는 소리. 또는 그 모양."
고일주,휴,-0.27,-0.45,"일이 고되어서 힘에 부치거나 시름이 있을 때 크고 길게 내쉬는 소리.
어려운 일을 끝내거나 고비를 넘겼을 때 안심하여 크고 길게 내쉬는 소리."
고일주,흐드러지다,0.3,0.15,"매우 탐스럽거나 한창 성하다.
매우 흐뭇하거나 푸지다."
고일주,흐미,-1.05,0.06,조금의 감동이나 놀라거나 찔릴때 쓰는 글.
고일주,흐흐,0.54,0.27,"털털하고 걸걸하게 웃는 소리. 또는 그 모양.
흐뭇함을 참지 못하여 입을 조금 벌리고 은근히 웃는 소리. 또는 그 모양."
고일주,흥,-0.81,0.27,비웃거나 아니꼬울 때 내는 콧소리.
고일주,희망하다,1.95,-0.24,어떤 일을 이루거나 하기를 바라다.
고일주,힘겹다,-1.65,-0.54,힘에 부쳐 능히 당하여 내기 어렵다.
고일주,힘내다,2.31,-0.3,어떤 일이 잘 마무리되거나 어떤 상황이 더 나아질 수 있도록 더욱 마음과 힘을 다하다.
고일주,힘들다,-1.47,-0.27,"힘이 쓰이는 면이 있다.
어렵거나 곤란하다.
마음이 쓰이거나 수고가 되는 면이 있다."
고일주,힘없다,-1.98,-1.59,"기운이나 의욕 따위가 없다.
힘이나 권세, 위력 따위가 없다."
고일주,힘차다,2.04,0.45,힘이 있고 씩씩하다.
이윤형,가구,0.021,-1.006,집안 살림에 쓰는 기구. 주로 장롱ㆍ책장ㆍ탁자 따위와 같이 비교적 큰 제품을 이른다.
이윤형,가난,-1.737,0.566,살림살이가 넉넉하지 못함. 또는 그런 상태.
이윤형,가로,0.083,-0.99,왼쪽에서 오른쪽으로 나 있는 방향. 또는 그 길이.
이윤형,가치,1.522,-0.998,"사물이 지니고 있는 쓸모.
대상이 인간과의 관계에 의하여 지니게 되는 중요성.
인간의 욕구나 관심의 대상 또는 목표가 되는 진, 선, 미 따위를 통틀어 이르는 말."
이윤형,간식,1.11,0.247,끼니와 끼니 사이에 음식을 먹음. 또는 그 음식.
이윤형,간판,-0.064,-0.749,"기관, 상점, 영업소 따위에서 이름이나 판매 상품, 업종 따위를 써서 사람들의 눈에 잘 뜨이게 걸거나 붙이는 표지.
대표하여 내세울 만한 사람이나 사물을 비유적으로 이르는 말.
겉으로 내세우는 외모, 학벌, 경력, 명분 따위를 속되게 이르는 말."
이윤형,감격,1.864,0.659,"마음에 깊이 느끼어 크게 감동함. 또는 그 감동.
고마움을 깊이 느낌."
이윤형,감동,1.693,-0.088,크게 느끼어 마음이 움직임.
이윤형,감사,2.191,-1.387,"고마움을 나타내는 인사.
고맙게 여김. 또는 그런 마음."
이윤형,감옥,-2.203,0.659,죄인을 가두어 두는 곳. 한때 형무소라고 부르다가 현재 '교도소'로 고쳤다.
이윤형,감탄,1.709,0.978,마음속 깊이 느끼어 탄복함.
이윤형,강도,-2.444,1.094,폭행이나 협박 따위로 남의 재물을 빼앗는 도둑. 또는 그런 행위.
이윤형,거룩,1.46,-1.013,뜻이 매우 높고 위대함.
이윤형,거울,0.239,-0.819,빛의 반사를 이용하여 물체의 모양을 비추어 보는 물건.
이윤형,걱정,-1.387,0.379,"안심이 되지 않아 속을 태움.
아랫사람의 잘못을 꾸짖음."
이윤형,건강,1.507,-1.566,정신적으로나 육체적으로 아무 탈이 없고 튼튼함. 또는 그런 상태.
이윤형,건물,0.122,-0.982,"사람이 들어 살거나, 일을 하거나, 물건을 넣어 두기 위하여 지은 집을 통틀어 이르는 말."
이윤형,건전지,0.682,-0.788,화학 전해액과 화학 물질을 종이나 솜에 흡수시키거나 반죽된 형태로 만들어 유동성 액체를 사용하지 않고 제조한 전지.
이윤형,게시판,-0.103,-0.376,"여러 사람에게 알릴 내용을 내붙이거나 내걸어 두루 보게 붙이는 판.
인터넷상에서 여러 사람에게 알리는 글을 볼 수 있으면서, 자신의 글을 올릴 수도 있는 공간."
이윤형,격려,1.841,0.099,용기나 의욕이 솟아나도록 북돋워 줌.
이윤형,경멸,-2.499,1.227,깔보아 업신여김.
이윤형,경이,1.732,0.744,놀랍고 신기하게 여김. 또는 그럴 만한 일.
이윤형,경탄,0.9,0.457,몹시 놀라며 감탄함.
이윤형,계산기,-0.033,-0.858,"여러 가지 계산을 빠르고 정확하게 하기 위하여 사용하는 기기. 수판, 계산자, 면적계, 전자계산기 따위를 통틀어 이른다."
이윤형,계산대,-0.002,-0.718,은행ㆍ상점 등에서 계산하기 위하여 마련한 대.
이윤형,고뇌,-0.64,-0.671,괴로워하고 번뇌함.
이윤형,고독,-1.41,-0.819,"세상에 홀로 떨어져 있는 듯이 매우 외롭고 쓸쓸함.
부모 없는 어린아이와 자식 없는 늙은이."
이윤형,고름,-1.83,0.076,"몸 안에 병균이 들어가 염증을 일으켰을 때에 피부나 조직이 썩어 생긴 물질이나, 파괴된 백혈구, 세균 따위가 들어 있는 걸쭉한 액체. 희고 누르무레하며 고약한 냄새가 난다."
이윤형,고무,-0.064,0.721,"고무나무의 껍질에서 분비하는 액체를 응고시켜 만든 생고무를 주원료로 하는 물질. 탄력성이 강하고 신축성이 좋으며 전기나 물, 가스를 통과시키지 않아 공업용품이나 생활용품으로 널리 쓰인다."
이윤형,고무신,-0.438,-0.632,탄성 고무로 만든 신.
이윤형,고문,-2.297,1.476,숨기고 있는 사실을 강제로 알아내기 위하여 육체적ㆍ정신적 고통을 주며 신문함.
이윤형,고생,-0.928,0.457,어렵고 고된 일을 겪음. 또는 그런 일이나 생활.
이윤형,고아원,-1.184,-0.578,고아를 거두어 기르는 사회사업 기관.
이윤형,고통,-2.118,1.312,몸이나 마음의 괴로움과 아픔.
이윤형,곰팡이,-2.024,0.262,생명 몸의 구조가 간단한 하등 균류를 통틀어 이르는 말.
이윤형,공감,1.647,-1.604,"남의 감정, 의견, 주장 따위에 대하여 자기도 그렇다고 느낌. 또는 그렇게 느끼는 기분."
이윤형,공격,-0.889,1.826,"나아가 적을 침.
남을 비난하거나 반대하여 나섬.
운동 경기나 오락 따위에서 상대편을 이기기 위한 적극적인 행동."
이윤형,공기,1.6,-1.846,"지구를 둘러싼 대기의 하층부를 구성하는 무색, 무취의 투명한 기체.
그 자리에 감도는 기분이나 분위기."
이윤형,공상,0.511,-0.624,현실적이지 못하거나 실현될 가망이 없는 것을 막연히 그리어 봄. 또는 그런 생각.
이윤형,공허,-1.566,-0.827,"아무것도 없이 텅 빔.
실속이 없이 헛됨."
이윤형,과부,-1.309,-0.36,남편을 잃고 혼자 사는 여자.
이윤형,관광,0.97,0.107,"다른 지방이나 다른 나라에 가서 그곳의 풍경, 풍습, 문물 따위를 구경함."
이윤형,괄호,-0.15,-0.873,"언어 문장 부호의 하나. 소괄호, 중괄호, 대괄호가 있다."
이윤형,괴성,-2.118,0.908,괴상한 소리.
이윤형,괴한,-2.623,1.203,거동이나 차림새가 수상한 사내.
이윤형,교감,1.709,-1.223,"서로 접촉하여 따라 움직이는 느낌.
최면술을 쓰는 사람이 상대편에게 최면을 걸어 의식을 지배하는 관계."
이윤형,교도소,-1.939,1.367,"행형 사무를 맡아보는 기관. 징역형이나 금고형, 노역장 유치나 구류 처분을 받은 사람, 재판 중에 있는 사람 등을 수용하는 시설이다."
이윤형,구더기,-2.522,1.164,동물 파리의 애벌레. 차차 자라 꼬리가 생기고 번데기가 되었다가 파리가 된다.
이윤형,구슬,0.052,-0.819,"보석이나 진주 따위로 둥글게 만든 물건. 흔히 장신구로 쓴다.
유리나 사기 따위로 둥글게 만든 놀이 기구."
이윤형,구원,1.577,-1.208,어려움이나 위험에 빠진 사람을 구하여 줌.
이윤형,구조물,-0.057,-0.842,"일정한 설계에 따라 여러 가지 재료를 얽어서 만든 물건. 건물, 다리, 축대, 터널 따위가 있다."
이윤형,구토,-2.336,0.869,먹은 음식물을 토함.
이윤형,굶주림,-1.76,0.651,먹을 것이 없어 배를 곯는 것.
이윤형,권총,-1.791,1.802,한 손으로 다룰 수 있는 짧고 작은 총. 군용 또는 호신용으로 널리 쓴다.
이윤형,그늘,0.558,-1.262,"어두운 부분.
의지할 만한 대상의 보호나 혜택.
밖으로 드러나지 아니한 처지나 환경."
이윤형,그릇,0.208,-1.006,"음식이나 물건 따위를 담는 기구를 통틀어 이르는 말.
어떤 일을 해 나갈 만한 능력이나 도량 또는 그런 능력이나 도량을 가진 사람을 비유적으로 이르는 말."
이윤형,그리움,-0.438,-0.617,보고 싶어 애타는 마음.
이윤형,글자,0.114,-1.216,말을 적는 일정한 체계의 부호.
이윤형,긍정,2.121,-0.803,그러하다고 생각하여 옳다고 인정함.
이윤형,기대감,0.97,0.674,어떤 일이 이루어지기를 바라고 기다리는 심정.
이윤형,기류,-0.352,-0.819,"지구 온도나 지형의 차이로 말미암아 일어나는 공기의 흐름.
어떤 일이 진행되는 추세나 분위기를 비유적으로 이르는 말."
이윤형,기쁨,2.409,0.527,욕구가 충족되었을 때의 흐뭇하고 흡족한 마음이나 느낌.
이윤형,기상,0.169,-0.29,사람이 타고난 기개나 마음씨. 또는 그것이 겉으로 드러난 모양.
이윤형,기적,2.004,0.667,"상식으로는 생각할 수 없는 기이한 일.
신에 의하여 행해졌다고 믿어지는 불가사의한 현상."
이윤형,기호,0.146,-0.733,"어떠한 뜻을 나타내기 위하여 쓰이는 부호, 문자, 표지 따위를 통틀어 이르는 말."
이윤형,긴장,-0.811,1.413,"마음을 조이고 정신을 바짝 차림.
정세나 분위기가 평온하지 않은 상태."
이윤형,깡패,-2.001,1.756,폭력을 쓰면서 행패를 부리고 못된 짓을 일삼는 무리를 속되게 이르는 말.
이윤형,깨달음,1.686,-0.951,생각하고 궁리하다 알게 되는 것.
이윤형,낙관론,1.032,-0.881,인생이나 사물을 밝고 희망적으로 생각하는 견해.
이윤형,낙원,2.137,-1.783,"아무런 괴로움이나 고통이 없이 안락하게 살 수 있는 즐거운 곳.
고난과 슬픔 따위를 느낄 수 없는 곳이라는 뜻에서, 죽은 뒤의 세계를 비유적으로 이르는 말."
이윤형,낙천,1.157,-1.029,세상과 인생을 즐겁고 좋은 것으로 여김.
이윤형,낚싯대,-0.08,-0.99,물고기를 잡는 도구의 하나. 가늘고 긴 대에 낚싯줄을 매어 쓴다.
이윤형,남방,0.744,-1.138,여름에 양복저고리 대신으로 입는 얇은 옷.
이윤형,납치,-2.701,1.234,강제 수단을 써서 억지로 데리고 감.
이윤형,낭만,1.756,-0.764,"현실에 매이지 않고 감상적이고 이상적으로 사물을 대하는 태도나 심리. 또는 그런 분위기.
감미롭고 감상적인 분위기."
이윤형,냄비,-0.313,0.2,음식을 끓이거나 삶는 데 쓰는 용구의 하나. 보통 솥보다는 운두가 낮고 뚜껑과 손잡이가 있다.
이윤형,냉장고,0.223,-0.197,식품이나 약품 따위를 차게 하거나 부패하지 않도록 저온에서 보관하기 위한 상자 모양의 장치.
이윤형,노래,1.693,-0.726,가사에 곡조를 붙여 목소리로 부를 수 있게 만든 음악. 또는 그 음악을 목소리로 부름.
이윤형,노예,-2.483,0.503,"남의 소유물로 되어 부림을 당하는 사람.
인간으로서 기본적인 권리나 자유를 빼앗겨 자기 의사나 행동을 주장하지 못하고 남에게 사역되는 사람."
이윤형,놀림,-1.923,1.507,남을 흉보거나 비웃는 짓.
이윤형,누명,-2.6,1.429,사실이 아닌 일로 이름을 더럽히는 억울한 평판.
이윤형,눈물,-0.741,0.037,"눈알 바깥면의 위에 있는 눈물샘에서 나오는 분비물. 늘 조금씩 나와서 눈을 축이거나 이물질을 씻어 내는데, 자극이나 감동을 받으면 더 많이 나온다."
이윤형,단백질,0.402,-0.64,생명 아미노산이 펩타이드 결합을 하여 생긴 여러 개의 아미노산으로 이루어진 고분자 화합물.
이윤형,단상,-0.228,-0.764,생각나는 대로의 단편적인 생각.
이윤형,단추,0.037,-0.943,"옷 따위의 두 폭이나 두 짝을 한데 붙였다 떼었다 하는 물건.
눌러서 신호나 전종 따위를 울리거나 기계를 작동하게 하는 둥근 모양의 장치."
이윤형,달동네,-1.472,0.247,산등성이나 산비탈 따위의 높은 곳에 가난한 사람들이 모여 사는 동네.
이윤형,달성,1.561,0.472,목적한 것을 이룸.
이윤형,대기,-0.671,-0.477,"'공기'를 달리 이르는 말.
지구 천체의 표면을 둘러싸고 있는 기체."
이윤형,대성공,2.331,1.6,크게 성공함. 또는 그런 성공.
이윤형,대자연,1.763,-1.231,"넓고 큰, 위대한 자연."
이윤형,데이트,1.608,0.426,이성끼리 교제를 위하여 만나는 일. 또는 그렇게 하기로 한 약속.
이윤형,도구,0.324,-0.593,"일을 할 때 쓰는 연장을 통틀어 이르는 말.
어떤 목적을 이루기 위한 수단이나 방법."
이윤형,도둑놈,-2.429,0.9,‘도둑’을 낮잡아 이르는 말.
이윤형,도시락,1.009,-1.091,"밥을 담는 작은 그릇.
밥을 담는 작은 그릇에 반찬을 곁들여 담는 밥."
이윤형,도움,1.608,-1.581,어떤 일이 잘되도록 거들거나 보탬을 주는 일.
이윤형,도청,-1.744,0.511,타인의 대화나 전화 내용 따위를 몰래 엿들음.
이윤형,도형,-0.01,-0.889,"그림의 모양이나 형태.
수학 점, 선, 면, 체 또는 그것들의 집합을 통틀어 이르는 말. 사각형, 원, 구 따위를 이른다."
이윤형,독약,-2.623,1.017,독성을 가진 약제. 극약보다 독성이 한층 강하여 극히 적은 양으로도 사람이나 동물의 건강이나 생명을 해칠 수 있다.
이윤형,돌계단,0.254,-1.356,돌로 쌓아 만든 층계.
이윤형,돗자리,0.394,-1.153,왕골이나 골풀의 줄기를 재료로 하여 만든 자리.
이윤형,동경,1.211,-1.099,"어떤 것을 간절히 그리워하여 그것만을 생각함.
마음이 스스로 들떠서 안정되지 아니함."
이윤형,등받이,0.247,-1.239,의자에 앉을 때 등이 닿는 부분.
이윤형,마법,0.986,1.157,사람의 능력을 뛰어넘는 이상한 힘으로 신기한 일을 행하는 술법.
이윤형,마우스,0.402,-0.313,"정보·통신 컴퓨터 입력 장치의 하나. 책상 위 따위에서 움직이면 그에 따라 화면에 나타난 커서가 움직이며, 위에 있는 버튼을 눌러 명령어를 선택하거나 프로그램을 실행한다."
이윤형,마침표,0.387,-1.566,언어 문장 부호의 하나. '.'의 이름이다.
이윤형,만년필,0.371,-1.06,글씨를 쓰는 펜의 하나. 펜대 속에 넣은 잉크가 펜촉으로 흘러나와 오래 쓸 수 있다.
이윤형,만족,1.903,-1.379,"마음에 흡족함.
모자람이 없이 충분하고 넉넉함."
이윤형,만화,0.628,-0.321,"이야기 따위를 간결하고 익살스럽게 그린 그림. 대화를 삽입하여 나타낸다.
사물이나 현상의 특징을 과장하여 인생이나 사회를 풍자ㆍ비판하는 그림."
이윤형,망원경,0.262,-0.352,두 개 이상의 볼록 렌즈를 맞추어서 멀리 있는 물체 따위를 크고 정확하게 보도록 만든 장치.
이윤형,매력,1.833,0.107,사람의 마음을 사로잡아 끄는 힘.
이윤형,맷돌,0.208,-1.06,곡식을 가는 데 쓰는 기구. 둥글넓적한 돌 두 짝을 포개고 윗돌 아가리에 갈 곡식을 넣으면서 손잡이를 돌려서 간다.
이윤형,맹수,-1.006,1.336,주로 육식을 하는 사나운 짐승. 사자나 범 따위를 이른다.
이윤형,명암,0.433,-0.788,"밝음과 어두움을 통틀어 이르는 말.
기쁜 일과 슬픈 일 또는 행복과 불행을 통틀어 이르는 말.
회화에서, 색의 농담이나 밝기의 정도를 이르는 말."
이윤형,모성애,2.098,-1.822,자식에 대한 어머니의 본능적인 사랑.
이윤형,모욕,-2.483,1.094,깔보고 욕되게 함.
이윤형,모자,0.286,-0.749,"머리에 쓰는 물건의 하나. 예의를 차리거나 추위, 더위, 먼지 따위를 막기 위한 것이다."
이윤형,몰락,-2.398,0.884,"재물이나 세력 따위가 쇠하여 보잘것없이 됨.
멸망하여 모조리 없어짐."
이윤형,무관심,-2.188,-0.834,관심이나 흥미가 없음.
이윤형,무지개,1.203,-1.091,"공중에 떠 있는 물방울이 햇빛을 받아 나타나는, 반원 모양의 일곱 빛깔의 줄."
이윤형,문헌,-0.002,-1.107,"옛날의 제도나 문물을 아는 데 증거가 되는 자료나 기록.
연구의 자료가 되는 서적이나 문서."
이윤형,물통,0.387,-0.959,"물을 담아 두는 데 쓰이는 통.
물을 길어서 옮기거나 떨어지는 물을 받기 위한 통."
이윤형,민망,-1.169,0.729,겸연쩍고 부끄러움.
이윤형,믿음,1.833,-1.993,"어떤 사실이나 사람을 믿는 마음. 또는 그렇다고 여기는 바.
신과 같은 성스러운 존재를 신뢰하고 복종함. 또는 그러한 종교."
이윤형,바둑,-0.018,-1.472,체육 두 사람이 검은 돌과 흰 돌을 나누어 가지고 바둑판 위에 번갈아 하나씩 두어 가며 승부를 겨루는 놀이.
이윤형,바위,0.06,-1.06,부피가 매우 큰 돌.
이윤형,박스,0.029,-0.928,"물건을 넣어 두기 위하여 나무, 대나무, 두꺼운 종이 같은 것으로 만든 네모난 그릇.
사방을 둘러막은 그 선의 안."
이윤형,반색,0.2,1.367,매우 반가워함. 또는 그런 기색.
이윤형,반역자,-2.374,1.771,반역을 하거나 꾀하는 사람.
이윤형,밥그릇,0.184,-0.834,"밥을 담는 그릇.
밥벌이를 위한 일자리를 속되게 이르는 말."
이윤형,밥솥,0.488,-0.967,밥을 짓는 솥.
이윤형,방석,0.27,-1.628,"앉을 때 밑에 까는 작은 깔개. 네모지거나 둥글며, 주로 밑이 배기거나 바닥이 찰 때 쓴다."
이윤형,방학,1.359,0.34,"일정 기간 동안 수업을 쉬는 일. 또는 그 기간. 주로 학교에서 학기나 학년이 끝난 뒤 또는 더위, 추위가 심할 때 실시한다."
이윤형,버튼,0.013,-0.71,"전기·전자 전기 장치에 전류를 끊거나 이어 주거나 하며 기기를 조작하는 장치.
옷 따위의 두 폭이나 두 짝을 한데 붙였다 떼었다 하는, 옷고름이나 끈 대신으로 쓰는 물건."
이윤형,벚꽃,1.351,-1.107,벚나무의 꽃.
이윤형,벨트,-0.041,-0.679,"바지 따위가 흘러내리지 아니하게 옷의 허리 부분에 둘러매는 띠.
두 개의 바퀴에 걸어 동력을 전하는 띠 모양의 물건."
이윤형,벽시계,0.2,-1.496,벽이나 기둥 따위에 걸게 된 시계.
이윤형,벽지,0.239,-1.2,외따로 뚝 떨어져 있는 궁벽한 땅. 도시에서 멀리 떨어져 있어 교통이 불편하고 문화의 혜택이 적은 곳을 이른다.
이윤형,별빛,1.826,-1.566,별의 반짝이는 빛.
이윤형,병균,-2.343,0.643,일반 병의 원인이 되는 균.
이윤형,보람,1.654,-1.208,어떤 일을 한 뒤에 얻어지는 좋은 결과나 만족감. 또는 자랑스러움이나 자부심을 갖게 해 주는 일의 가치.
이윤형,보배,1.74,-1.068,"아주 귀하고 소중한 물건.
아주 귀하고 소중하며 꼭 필요한 사람이나 물건 따위를 비유적으로 이르는 말."
이윤형,보석,1.234,-0.562,"광업 아주 단단하고 빛깔과 광택이 아름다우며 희귀한 광물. 비금속 광물로 흔히 장신구로 쓰이며, 다이아몬드ㆍ옥수ㆍ비취ㆍ에메랄드ㆍ사파이어ㆍ루비ㆍ단백석 따위가 있다."
이윤형,보자기,0.153,-0.959,물건을 싸서 들고 다닐 수 있도록 네모지게 만든 작은 천.
이윤형,복사기,0.371,-0.189,"문서, 사진, 계산서 및 각종 자료나 도서를 복사하는 데 쓰는 기계."
이윤형,복수,-1.783,1.429,원수를 갚음.
이윤형,복종,-1.846,0.223,남의 명령이나 의사를 그대로 따라서 좇음.
이윤형,볼펜,0.006,-0.881,잉크가 들어 있는 가느다란 대롱 끝에 붙은 단단하고 작은 볼이 회전하면서 잉크를 뽑아내어 글씨가 써지도록 되어 있는 필기구.
이윤형,부랑자,-1.682,0.348,일정하게 사는 곳과 하는 일 없이 떠돌아다니는 사람.
이윤형,분노,-1.791,1.141,분개하여 몹시 성을 냄. 또는 그렇게 내는 성.
이윤형,불안,-1.768,1.04,"마음이 편하지 아니하고 조마조마함.
분위기 따위가 술렁거리어 뒤숭숭함.
몸이 편안하지 아니함."
이윤형,불쾌감,-2.149,0.97,못마땅하여 기분이 좋지 않은 느낌.
이윤형,불편,-1.838,1.032,"어떤 것을 사용하거나 이용하는 것이 거북하거나 괴로움.
몸이나 마음이 편하지 아니하고 괴로움.
다른 사람과의 관계 따위가 편하지 않음."
이윤형,불행,-1.947,0.768,행복하지 아니한 일. 또는 그런 운수.
이윤형,비극,-2.406,0.791,"인생의 슬프고 애달픈 일을 당하여 불행한 경우를 이르는 말.
인생의 슬픔과 비참함을 제재로 하고 주인공의 파멸, 패배, 죽음 따위의 불행한 결말을 갖는 극 형식."
이윤형,비난,-2.009,0.97,남의 잘못이나 결점을 책잡아서 나쁘게 말함.
이윤형,비누,0.254,-1.006,때를 씻어 낼 때 쓰는 물건. 물에 녹으면 거품이 일며 보통 고급 지방산의 알칼리 금속염을 주성분으로 한다.
이윤형,비린내,-2.017,0.441,"날콩이나 물고기, 동물의 피 따위에서 나는 역겹고 매스꺼운 냄새."
이윤형,비웃음,-2.281,1.087,흉을 보듯이 빈정거리거나 업신여기는 일. 또는 그렇게 웃는 웃음.
이윤형,빈민,-2.017,0.247,살림이 어렵고 가난한 백성.
이윤형,빌딩,-0.088,-0.624,내부에 많은 임대 사무실이 있는 서양식의 고층 건물.
이윤형,빗자루,0.34,-0.897,먼지나 쓰레기를 쓸어 내는 기구.
이윤형,뽀뽀,1.67,0.34,볼이나 입술 따위에 입을 맞춤. 또는 그 일. 주로 어린아이에게 많이 쓴다.
이윤형,사각형,-0.236,-0.943,"수학 네 개의 선분으로 둘러싸인 평면 도형.
네 개의 각이 있는 모양."
이윤형,사기꾼,-2.413,1.483,습관적으로 남을 속여 이득을 꾀하는 사람.
이윤형,사랑,2.354,-0.469,"어떤 사람이나 존재를 몹시 아끼고 귀중히 여기는 마음. 또는 그런 일.
어떤 사물이나 대상을 아끼고 소중히 여기거나 즐기는 마음. 또는 그런 일.
남을 이해하고 돕는 마음. 또는 그런 일."
이윤형,사전,0.052,-1.037,"어떤 범위 안에서 쓰이는 낱말을 모아서 일정한 순서로 배열하여 싣고 그 각각의 발음, 의미, 어원, 용법 따위를 해설한 책."
이윤형,사진기,0.962,-1.006,영상 사진을 찍는 기계.
이윤형,사형,-1.807,0.674,죄인의 목숨을 끊는 형벌.
이윤형,살인,-2.997,1.476,사람을 죽임.
이윤형,삼각형,-0.29,-0.679,"수학 세 개의 선분으로 둘러싸인 평면 도형.
세 개의 각이 있는 모양."
이윤형,상가,-0.166,-0.586,상점들이 많이 늘어서 있는 거리.
이윤형,상자,-0.329,-0.702,물건 따위를 넣어 두기 위하여 나무나 대 또는 두꺼운 종이 등으로 만든 네모난 통.
이윤형,상처,-1.783,0.682,"몸을 다쳐서 부상을 입은 자리.
피해를 입은 흔적."
이윤형,상쾌,2.23,-0.694,썩 시원하고 유쾌함.
이윤형,새싹,1.374,-1.184,"새로 돋아나는 싹.
사물의 근원이 될 수 있는 새로운 시초를 비유적으로 이르는 말."
이윤형,생기,1.429,-0.71,"싱싱하고 힘찬 기운.
좋은 날의 운수."
이윤형,생동감,1.522,1.211,생기 있게 살아 움직이는 듯한 느낌.
이윤형,생명력,2.098,-1.099,"생물체가 생명을 유지하여 나가는 힘.
사물이나 현상의 본질적 기능을 유지하여 나가는 힘."
이윤형,생산품,0.433,-1.099,생산되는 물품.
이윤형,생일날,1.818,-0.516,생일이 되는 날.
이윤형,서예,0.068,-1.527,글씨를 붓으로 쓰는 예술.
이윤형,서재,0.301,-1.06,서적을 갖추어 두고 책을 읽거나 글을 쓰는 방.
이윤형,서커스,0.348,-0.096,"마술이나 여러 가지 곡예, 동물의 묘기 따위를 보여 주는 흥행물. 또는 그것을 공연하는 흥행 단체."
이윤형,석고,-0.399,-0.733,황산 칼슘의 이수화물로 이루어진 석회질 광물.
이윤형,석탑,-0.134,-1.573,석재를 이용하여 쌓은 탑. 동양에서는 전통적으로 층을 구분하여 쌓았다.
이윤형,선물,1.623,0.122,남에게 어떤 물건 따위를 선사함. 또는 그 물건.
이윤형,선반,-0.057,-0.881,물건을 얹어 두기 위하여 까치발을 받쳐서 벽에 달아 놓은 긴 널빤지.
이윤형,선호,1.46,-0.827,여럿 가운데서 특별히 가려서 좋아함.
이윤형,성공,1.841,0.216,목적하는 바를 이룸.
이윤형,성취,1.989,-0.539,목적한 바를 이룸.
이윤형,세무서,-0.36,-0.834,국세청 산하에서 내국세에 관한 사무를 맡아보는 지방 세무 행정 관청.
이윤형,세탁기,-0.119,0.208,빨래하는 기계.
이윤형,소품,0.029,-0.694,"규모가 작은 예술 작품.
변변치 못한 물건.
실물과 같은 모양으로 정교하게 만들어진 작은 모형."
이윤형,속임수,-2.188,1.289,남을 속이는 짓. 또는 그런 술수.
이윤형,수갑,-1.822,0.612,죄인이나 피의자의 행동이 자유롭지 못하도록 양쪽 손목에 걸쳐서 채우는 형구.
이윤형,수레,-0.088,-0.796,바퀴를 달아서 굴러가게 만든 기구. 사람이 타거나 짐을 싣는다.
이윤형,수익금,1.546,-1.099,이익으로 들어오는 돈.
이윤형,수저,0.449,-1.379,"숟가락과 젓가락을 아울러 이르는 말.
'숟가락'을 달리 이르는 말."
이윤형,수평선,0.667,-1.581,"물과 하늘이 맞닿아 경계를 이루는 선.
중력의 방향과 직각을 이루는 선."
이윤형,순이익,1.888,-0.951,"총이익에서 영업비, 잡비 따위의 총비용을 빼고 남은 순전한 이익."
이윤형,스위치,0.192,-0.873,전기·전자 전기 회로를 이었다 끊었다 하는 장치.
이윤형,스탠드,0.379,-1.122,책상 위에 올려놓거나 방구석 따위에 놓아서 그 부분을 밝게 하여 주는 이동식 전등.
이윤형,스피커,0.231,-0.29,소리를 크게 하여 멀리까지 들리게 하는 기구.
이윤형,슬리퍼,0.146,-0.897,실내에서 신는 신. 뒤축이 없이 발끝만 꿰게 되어 있다.
이윤형,승리,1.872,1.312,겨루거나 싸워서 이김.
이윤형,승진,1.623,-0.414,직위의 등급이나 계급이 오름.
이윤형,시계,0.371,-0.99,시각을 나타내거나 시간을 재는 기계를 통틀어 이르는 말.
이윤형,시비,-2.203,0.807,"옳음과 그름.
옳고 그름을 따지는 말다툼."
이윤형,시체,-2.382,0.861,죽은 사람의 몸을 이르는 말.
이윤형,식량난,-2.297,1.063,식량이 모자라서 생기는 어려움.
이윤형,식민지,-1.822,0.597,정치적ㆍ경제적으로 다른 나라에 예속되어 국가로서의 주권을 상실한 나라.
이윤형,식칼,-1.589,1.631,부엌에서 쓰는 칼.
이윤형,식탁,0.262,-0.834,음식을 차려 놓고 둘러앉아 먹게 만든 탁자.
이윤형,신뢰,1.872,-1.628,굳게 믿고 의지함.
이윤형,신명,0.706,-0.072,흥겨운 신이나 멋.
이윤형,신문,0.426,-0.928,사회에서 발생한 사건에 대한 사실이나 해설을 널리 신속하게 전달하기 위한 정기 간행물.
이윤형,신문지,0.083,-0.936,신문 기사를 실은 종이.
이윤형,신바람,1.211,0.433,신이 나서 어깨가 우쭐거릴 정도의 즐거운 기분.
이윤형,신세계,1.289,-0.041,새롭게 생활하거나 활동하는 장소. 또는 새로운 경치.
이윤형,실망,-1.9,-0.15,희망이나 명망을 잃음. 또는 바라던 일이 뜻대로 되지 아니하여 마음이 몹시 상함.
이윤형,실업자,-1.962,0.597,경제 활동에 참여할 연령의 사람 가운데 직업이 없는 사람.
이윤형,실패,-1.853,1.188,일을 잘못하여 뜻한 대로 되지 아니하거나 그르침.
이윤형,아기,1.911,-1.34,"어린 젖먹이 아이.
나이가 많지 않은 딸이나 며느리를 정답게 이르는 말.
짐승의 작은 새끼나 어린 식물을 귀엽게 이르는 말."
이윤형,아픔,-1.62,0.682,육체적으로나 정신적으로 괴로운 느낌.
이윤형,악보,0.527,-1.122,음악의 곡조를 일정한 기호를 써서 기록한 것.
이윤형,악취,-2.406,0.799,고약하고도 불쾌한 냄새.
이윤형,안경,-0.967,-1.441,"시력이 나쁜 눈을 잘 보이게 하기 위하여나 바람, 먼지, 강한 햇빛 따위를 막기 위하여 눈에 쓰는 물건."
이윤형,안도,1.647,-2.157,"사는 곳에서 평안히 지냄. 또는 그런 곳.
어떤 일이 잘 진행되어 마음을 놓음."
이윤형,안락,1.763,-2.211,몸과 마음이 편안하고 즐거움.
이윤형,안정,1.623,-2.864,바뀌어 달라지지 아니하고 일정한 상태를 유지함.
이윤형,안테나,0.387,-0.01,"공중에 세워서 다른 곳에 전파를 내보내거나 다른 곳의 전파를 받아들이는, 도선으로 된 장치."
이윤형,암살,-2.717,1.157,몰래 사람을 죽임.
이윤형,암석,-0.15,-0.842,"지구 지각을 구성하고 있는 단단한 물질. 화성암, 퇴적암, 변성암으로 크게 나눈다."
이윤형,압수,-1.939,0.931,"물건의 점유를 취득하는 강제 처분. 압류ㆍ영치ㆍ제출 명령이 있다.
물건 따위를 강제로 빼앗음."
이윤형,애인,1.763,0.161,서로 애정을 나누며 마음속 깊이 사랑하는 사람. 또는 몹시 그리며 사랑하는 사람.
이윤형,액자,0.231,-1.06,"그림, 글씨, 사진 따위를 끼우는 틀."
이윤형,야산,-0.78,0.044,들 부근에 있는 나지막한 산.
이윤형,약재,0.037,-1.068,약을 짓는 데 쓰이는 재료.
이윤형,억압,-2.211,0.706,자기의 뜻대로 자유로이 행동하지 못하도록 억지로 억누름..
이윤형,언덕,-0.764,-0.741,땅이 비탈지고 조금 높은 곳.
이윤형,업적,1.514,0.114,어떤 사업이나 연구 따위에서 세운 공적.
이윤형,에이즈,-2.18,0.597,인간 면역 결핍 바이러스에 의하여 면역 세포가 파괴됨으로써 인체의 면역 능력이 극도로 저하되어 병원체에 대하여 무방비 상태에 이르는 병.
이윤형,엔진,0.278,0.278,"열에너지, 전기 에너지, 수력 에너지 따위를 기계적인 힘으로 바꾸는 장치."
이윤형,여유,1.74,-2.157,"물질적ㆍ공간적ㆍ시간적으로 넉넉하여 남음이 있는 상태.
느긋하고 차분하게 생각하거나 행동하는 마음의 상태. 또는 대범하고 너그럽게 일을 처리하는 마음의 상태."
이윤형,여행,1.958,0.744,일이나 유람을 목적으로 다른 고장이나 외국에 가는 일.
이윤형,열성,1.157,0.783,열렬한 정성.
이윤형,열쇠,0.464,-0.889,자물쇠를 잠그거나 여는 데 사용하는 물건.
이윤형,영광,1.53,0.496,빛나고 아름다운 영예.
이윤형,영수증,-0.181,-0.656,돈이나 물품 따위를 받은 사실을 표시하는 증서.
이윤형,오락,1.18,-0.096,"쉬는 시간에 여러 가지 방법으로 기분을 즐겁게 하는 일.
아주 즐거워함. 또는 아주 즐거운 것."
이윤형,오른발,0.153,-0.764,오른쪽에 있는 발.
이윤형,올가미,-2.359,1.429,"새끼나 노 따위로 옭아서 고를 내어 짐승을 잡는 장치.
사람이 걸려들게 만든 수단이나 술책."
이윤형,올리브,0.597,-1.426,"식물 물푸레나뭇과의 상록 교목. 높이는 5~10미터이며, 잎은 마주나고 긴 타원형이다. 또는 그 열매."
이윤형,옷감,0.293,-1.068,옷을 짓는 데 쓰는 천.
이윤형,외로움,-1.348,-0.531,홀로 되어 쓸쓸한 마음이나 느낌.
이윤형,외투,0.768,-1.286,추위를 막기 위하여 겉옷 위에 입는 옷을 통틀어 이르는 말.
이윤형,왼발,-0.018,-0.71,왼쪽 발.
이윤형,욕설,-1.97,1.452,남의 인격을 무시하는 모욕적인 말. 또는 남을 저주하는 말.
이윤형,용품,0.099,-0.78,일정한 용도로 사용하는 물품.
이윤형,우산,-0.033,-1.122,비가 올 때 머리에 받쳐 비를 가리는 물건.
이윤형,우승,1.95,1.561,"경기, 경주 따위에서 이겨 첫째를 차지함. 또는 첫째 등위."
이윤형,우울,-2.297,-0.352,"근심스럽거나 답답하여 활기가 없음.
반성과 공상이 따르는 가벼운 슬픔."
이윤형,우유,0.037,-0.842,"소의 젖. 백색으로, 살균하여 음료로 마시며 아이스크림, 버터, 치즈 따위의 원료로도 쓴다."
이윤형,우정,2.246,-1.348,친구 사이의 정.
이윤형,우편,0.449,-0.904,"정부의 관할 아래 서신이나 기타 물품을 국내나 전 세계에 보내는 업무.
우편으로 전달되는 서신이나 물품을 통틀어 이르는 말."
이윤형,우표,0.62,-1.13,우편 요금을 낸 표시로 우편물에 붙이는 증표.
이윤형,울음,-0.43,0.216,우는 일. 또는 그런 소리.
이윤형,웃음,2.152,-0.5,웃는 일. 또는 그런 소리나 표정.
이윤형,원고지,-0.041,-0.873,원고를 쓰기 편리하게 만든 종이. 자수 계산이 편하도록 일정한 규격을 갖추고 있다.
이윤형,원망,-2.227,1.304,못마땅하게 여기어 탓하거나 불평을 품고 미워함.
이윤형,원서,-0.306,-0.096,지원하거나 청원하는 내용을 적은 서류.
이윤형,위선자,-2.126,0.69,겉으로만 착한 체를 하거나 거짓으로 꾸미는 사람.
이윤형,위험,-1.69,1.258,해로움이나 손실이 생길 우려가 있음. 또는 그런 상태.
이윤형,유대감,1.289,-1.379,서로 밀접하게 연결되어 있는 공통된 느낌.
이윤형,유서,-1.301,-0.469,죽음에 임하여 남기는 글.
이윤형,유족,-1.869,0.387,죽은 사람의 남은 가족.
이윤형,유해,-1.62,0.021,주검을 태우고 남은 뼈. 또는 무덤 속에서 나온 뼈.
이윤형,음모,-2.18,1.359,나쁜 목적으로 몰래 흉악한 일을 꾸밈. 또는 그런 꾀.
이윤형,이별,-1.993,0.846,"서로 갈리어 떨어짐.
서로 오랫동안 만나지 못하고 떨어져 있거나 헤어짐."
이윤형,이어폰,0.441,-0.772,"귀에 끼우거나 밀착할 수 있게 된, 전기 신호를 음향 신호로 변환하는 소형 장치."
이윤형,이혼,-1.986,1.211,부부가 합의 또는 재판에 의하여 혼인 관계를 인위적으로 소멸시키는 일.
이윤형,인격,1.118,-0.5,사람으로서의 품격.
이윤형,입구,0.239,-0.749,들어가는 통로.
이윤형,자괴감,-1.954,0.394,스스로 부끄러워하는 마음.
이윤형,자긍심,1.81,-1.394,스스로에게 긍지를 가지는 마음.
이윤형,자물쇠,-0.267,-0.998,여닫게 되어 있는 물건을 잠그는 장치.
이윤형,자부심,1.499,-0.928,자기 자신 또는 자기와 관련되어 있는 것에 대하여 스스로 그 가치나 능력을 믿고 당당히 여기는 마음.
이윤형,자살,-2.818,1.032,스스로 자기의 목숨을 끊음.
이윤형,자유,2.082,-1.006,외부적인 구속이나 무엇에 얽매이지 아니하고 자기 마음대로 할 수 있는 상태.
이윤형,자판기,0.286,-0.71,사람의 손을 빌리지 아니하고 상품을 자동적으로 파는 장치.
이윤형,장독대,0.239,-0.834,장독 따위를 놓아두려고 뜰 안에 좀 높직하게 만들어 놓은 곳.
이윤형,장례식,-2.351,0.006,장사를 지내는 의식.
이윤형,장애,-1.177,-0.267,"어떤 사물의 진행을 가로막아 거치적거리게 하거나 충분한 기능을 하지 못하게 함. 또는 그런 일.
신체 기관이 본래의 제 기능을 하지 못하거나 정신 능력에 결함이 있는 상태."
이윤형,장화,-0.08,-0.904,목이 길게 올라오는 신. 가죽이나 고무로 만드는데 비가 올 때나 말을 탈 때에 신는다.
이윤형,재능,1.553,-0.391,어떤 일을 하는 데 필요한 재주와 능력. 개인이 타고난 능력과 훈련에 의하여 획득된 능력을 아울러 이른다.
이윤형,재봉틀,-0.057,-0.516,바느질을 하는 기계.
이윤형,재앙,-2.444,1.017,뜻하지 아니하게 생긴 불행한 변고. 또는 천재지변으로 인한 불행한 사고.
이윤형,저울,0.091,-1.286,물건의 무게를 다는 데 쓰는 기구를 통틀어 이르는 말.
이윤형,적개심,-1.846,1.227,적과 싸우고자 하는 마음. 또는 적에 대하여 느끼는 분노와 증오.
이윤형,전구,0.324,-0.834,전류를 통하여 빛을 내는 기구.
이윤형,전기,0.519,-0.85,"한 개인의 생애와 활동, 업적 따위를 적은 기록."
이윤형,전기,0.317,-0.663,물질 안에 있는 전자 또는 공간에 있는 자유 전자나 이온들의 움직임 때문에 생기는 에너지의 한 형태.
이윤형,전등,0.216,-0.578,전기의 힘으로 밝은 빛을 내는 등.
이윤형,전력,0.317,-0.072,오로지 한 가지 일에 온 힘을 다함.
이윤형,전류,-0.267,0.146,전기·전자 전하가 연속적으로 이동하는 현상.
이윤형,전봇대,0.2,-0.967,전선이나 통신선을 늘여 매기 위하여 세운 기둥.
이윤형,전선,-0.197,-0.632,전류가 흐르는 선.
이윤형,전쟁,-2.258,1.779,"국가와 국가, 또는 교전 단체 사이에 무력을 사용하여 싸움.
극심한 경쟁이나 혼란 또는 어떤 문제에 대한 아주 적극적인 대응을 비유적으로 이르는 말."
이윤형,전투,-1.114,0.97,두 편의 군대가 조직적으로 무장하여 싸움.
이윤형,전화선,0.418,-0.858,유선 전화기에 전류를 보내어 통화가 되게 하는 전선.
이윤형,절단,-2.001,1.258,자르거나 베어서 끊음.
이윤형,절망,-2.359,0.83,바라볼 것이 없게 되어 모든 희망을 끊어 버림. 또는 그런 상태.
이윤형,정열,1.678,0.068,가슴속에서 맹렬하게 일어나는 적극적인 감정.
이윤형,제품,0.177,-0.834,원료를 써서 물건을 만듦. 또는 그렇게 만들어 낸 물품.
이윤형,조끼,0.107,-1.06,"배자와 같이 생긴 것으로, 한복에는 저고리나 적삼 위에, 양복에는 셔츠 위에 덧입는, 소매가 없는 옷."
이윤형,조롱,-2.569,1.81,비웃거나 깔보면서 놀림.
이윤형,조화,0.822,-1.511,"만물을 창조하고 기르는 대자연의 이치. 또는 그런 이치에 따라 만들어진 우주 만물.
어떻게 이루어진 것인지 알 수 없을 정도로 신통하게 된 일. 또는 일을 꾸미는 재간."
이윤형,존경,2.012,-1.558,"남의 인격, 사상, 행위 따위를 받들어 공경함."
이윤형,종이컵,0.223,-0.656,"음료를 따라서 마시는 데 쓰는, 종이로 만든 일회용 컵."
이윤형,좌절감,-2.289,0.34,계획이나 의지 따위가 꺾여 자신감을 잃은 느낌이나 기분.
이윤형,주전자,0.044,-0.866,"물이나 술 따위를 데우거나 담아서 따르게 만든 그릇. 귀때와 손잡이가 달려 있으며, 쇠붙이나 사기로 만든다."
이윤형,죽음,-2.164,-0.01,생물의 목숨이 끊어지는 일.
이윤형,중력,0.332,-1.153,"지구 위의 물체가 지구로부터 받는 힘.
질량을 가지고 있는 모든 물체가 서로 잡아당기는 힘."
이윤형,즐거움,2.012,0.573,즐거운 느낌이나 마음.
이윤형,증기,-0.166,-1.099,"기체 상태로 되어 있는 물.
액체나 고체가 증발 또는 승화하여 생긴 기체."
이윤형,증오,-2.662,1.538,아주 사무치게 미워함. 또는 그런 마음.
이윤형,지렁이,-1.379,-0.189,빈모강의 환형동물을 통틀어 이르는 말.
이윤형,지문,-0.376,-1.169,주어진 내용의 글.
이윤형,진리,1.686,-1.223,"참된 이치. 또는 참된 도리.
언제 어디서나 누구든지 승인할 수 있는 보편적인 법칙이나 사실."
이윤형,질투,-1.573,1.616,"부부 사이나 사랑하는 이성 사이에서 상대되는 이성이 다른 이성을 좋아할 경우에 지나치게 시기함.
다른 사람이 잘되거나 좋은 처지에 있는 것 따위를 공연히 미워하고 깎아내리려 함."
이윤형,징역,-2.118,1.46,죄인을 교도소에 가두어 노동을 시키는 형벌. 자유형 가운데 가장 무거운 형벌이다.
이윤형,착취,-2.413,0.884,"계급 사회에서, 생산 수단의 소유자가 생산 수단을 갖지 않은 직접 생산자로부터 그 노동의 성과를 무상으로 취득하는 일."
이윤형,찬양,0.869,-0.873,아름답고 훌륭함을 크게 기리고 드러냄.
이윤형,찻잔,0.107,-1.348,차를 따라 마시는 잔. 찻종보다 높이가 낮고 아가리가 더 벌어졌다.
이윤형,창조,1.266,0.34,"전에 없던 것을 처음으로 만듦.
새로운 성과나 업적, 가치 따위를 이룩함."
이윤형,창피,-1.861,0.822,체면이 깎이는 일이나 아니꼬운 일을 당함. 또는 그에 대한 부끄러움.
이윤형,창호지,-0.033,-1.083,"주로 문을 바르는 데 쓰는 얇은 종이.
빛깔이 조금 누르스름하고 줄 진 결이 또렷한 재래식 종이."
이윤형,채소,0.34,-0.92,"밭에서 기르는 농작물. 주로 그 잎이나 줄기, 열매 따위를 식용한다."
이윤형,책가방,0.091,-0.881,주로 학생들이 책이나 학용품 따위를 넣어서 들거나 메고 다니는 가방.
이윤형,책상,0.317,-1.044,앉아서 책을 읽거나 글을 쓰거나 사무를 보거나 할 때에 앞에 놓고 쓰는 상.
이윤형,책장(책을 꽂아두는 장),0.464,-1.076,책을 넣어 두는 가구.
이윤형,책장(책의 낱장),0.216,-1.091,책을 이루고 있는 낱낱의 장.
이윤형,챔피언,1.608,1.133,"운동 종목 따위에서, 선수권을 보유하고 있는 사람.
기술 따위에서, 실력이 가장 뛰어난 사람."
이윤형,처벌,-1.239,0.846,형벌에 처함. 또는 그 벌.
이윤형,천국,1.911,-1.457,"하느님이나 신불이 있다는 이상 세계.
어떤 제약도 받지 아니하는 자유롭고 편안한 곳. 또는 그런 상황."
이윤형,천사,1.833,-0.306,"여호와와 인간의 중개자 역할을 하는 사자.
선량하고 어진 사람을 비유적으로 이르는 말."
이윤형,천재성,1.39,0.869,천재적인 특성.
이윤형,철조망,-1.363,0.13,철조선을 그물 모양으로 얼기설기 엮어 놓은 물건. 또는 그것을 둘러친 울타리.
이윤형,청바지,0.309,0.309,"능직으로 짠 질긴 무명으로 만든, 푸른색 바지."
이윤형,체념,-1.978,-0.29,희망을 버리고 아주 단념함.
이윤형,체포,-1.597,0.737,"형법에서, 사람의 신체에 대하여 직접적이고 현실적인 구속을 가하여 행동의 자유를 빼앗는 일."
이윤형,총소리,-2.032,1.934,총을 쏠 때에 나는 소리.
이윤형,축복,2.004,-0.228,행복을 빎. 또는 그 행복.
이윤형,축하,2.012,-0.438,남의 좋은 일을 기뻐하고 즐거워한다는 뜻으로 인사함. 또는 그런 인사.
이윤형,출혈,-2.063,1.81,"피가 혈관 밖으로 나옴.
희생이나 손실을 비유적으로 이르는 말."
이윤형,치약,0.581,-0.904,이를 닦는 데 쓰는 약.
이윤형,치유,2.051,-1.791,치료하여 병을 낫게 함.
이윤형,친구,2.129,-1.48,"가깝게 오래 사귄 사람.
나이가 비슷하거나 아래인 사람을 낮추거나 친근하게 이르는 말."
이윤형,칠판,-0.103,-0.757,검정이나 초록색 따위의 칠을 하여 그 위에 분필로 글씨를 쓰거나 그림을 그리게 만든 판.
이윤형,침묵,-0.858,-1.309,"아무 말도 없이 잠잠히 있음. 또는 그런 상태.
정적이 흐름. 또는 그런 상태.
어떤 일에 대하여 그 내용을 밝히지 아니하거나 비밀을 지킴. 또는 그런 상태."
이윤형,침울,-2.266,-0.461,마음이나 기분이 근심이나 걱정 따위로 밝지 못하고 우울함.
이윤형,칭찬,2.028,0.581,좋은 점이나 착하고 훌륭한 일을 높이 평가함. 또는 그런 말.
이윤형,칼날,-1.908,1.756,"물건을 베는, 칼의 얇고 날카로운 부분."
이윤형,코트,0.317,-1.013,추위나 눈비 따위를 막기 위하여 옷 위에 덧입는 겉옷.
이윤형,쾌거,1.826,1.538,가슴이 후련할 만큼 통쾌하고 장한 행위.
이윤형,탁자,-0.142,-0.959,물건을 올려놓기 위하여 책상 모양으로 만든 가구를 통틀어 이르는 말.
이윤형,탈주,-1.441,1.141,감금된 곳에서 몸을 빼어 달아남.
이윤형,테러,-2.328,2.23,"폭력을 써서 적이나 상대편을 위협하거나 공포에 빠뜨리게 하는 행위.
일반 정치적인 목적을 위하여 조직적ㆍ집단적으로 행하는 폭력 행위."
이윤형,통나무,0.573,-1.503,켜거나 짜개지 아니한 통째로의 나무.
이윤형,특별,1.476,0.589,일반적인 것과 아주 다름.
이윤형,파괴,-2.133,1.172,"때려 부수거나 깨뜨려 헐어 버림.
조직, 질서, 관계 따위를 와해하거나 무너뜨림."
이윤형,패배,-1.83,0.744,"겨루어서 짐.
싸움에 져서 달아남."
이윤형,평상복,0.449,-1.371,평상시에 입는 옷.
이윤형,평온,1.958,-2.094,조용하고 평안함.
이윤형,평화,2.113,-2.04,"평온하고 화목함.
전쟁, 분쟁 또는 일체의 갈등이 없이 평온함. 또는 그런 상태."
이윤형,포로,-1.527,0.41,"사로잡은 적.
어떤 사람이나 일에 마음이 쏠리거나 매이어 꼼짝 못 하는 상태를 비유적으로 이르는 말."
이윤형,포크,0.083,-0.01,"양식에서, 고기ㆍ생선ㆍ과일 따위를 찍어 먹거나 얹어 먹는 식탁 용구."
이윤형,폭력,-2.258,1.631,"남을 거칠고 사납게 제압할 때에 쓰는, 주먹이나 발 또는 몽둥이 따위의 수단이나 힘. 넓은 뜻으로는 무기로 억누르는 힘을 이르기도 한다."
이윤형,폭소,1.608,0.293,웃음이 갑자기 세차게 터져 나옴. 또는 그 웃음.
이윤형,폭탄,-1.542,1.25,인명 살상이나 구조물 파괴를 위하여 금속 용기에 폭약을 채워서 던지거나 쏘거나 떨어뜨려서 터뜨리는 폭발물.
이윤형,표지,0.013,-0.858,책의 맨 앞뒤의 겉장.
이윤형,풍요,1.584,-1.169,매우 많아 넉넉함.
이윤형,프린트,0.239,-0.889,인쇄하거나 등사하는 일. 또는 그런 인쇄물이나 등사물.
이윤형,피난민,-1.713,0.332,재난을 피하여 가는 백성.
이윤형,피해,-1.931,0.83,"생명이나 신체, 재산, 명예 따위에 손해를 입음. 또는 그 손해."
이윤형,학대,-2.678,1.188,몹시 괴롭히거나 가혹하게 대우함. 또는 그런 대우.
이윤형,학용품,0.48,-0.99,"학습에 필요한 물품. 필기도구, 공책 따위를 통틀어 이른다."
이윤형,한숨,-1.433,-0.718,"근심이나 설움이 있을 때, 또는 긴장하였다가 안도할 때 길게 몰아서 내쉬는 숨."
이윤형,해결,1.444,-1.122,제기된 문제를 해명하거나 얽힌 일을 잘 처리함.
이윤형,해골,-1.581,0.457,"죽은 사람의 살이 썩고 남은 앙상한 뼈.
살이 전부 썩은 죽은 사람의 머리뼈."
이윤형,해부,-1.216,0.573,생물체의 일부 또는 전부를 절개하여 그 내부를 조사하는 일.
이윤형,해탈,0.379,-1.091,"불교 번뇌의 얽매임에서 풀리고 미혹의 괴로움에서 벗어남.
얽매임에서 벗어남."
이윤형,햇살,1.561,-1.752,해에서 나오는 빛의 줄기. 또는 그 기운.
이윤형,행운,2.02,-1.021,좋은 운수. 또는 행복한 운수.
이윤형,허무,-1.519,-0.15,"아무것도 없이 텅 빔.
무가치하고 무의미하게 느껴져 매우 허전하고 쓸쓸함."
이윤형,현수막,-0.204,-0.687,"극장 따위에 드리운 막.
선전문ㆍ구호문 따위를 적어 걸어 놓은 막."
이윤형,혐오감,-2.476,1.304,병적으로 싫어하고 미워하는 감정.
이윤형,협박,-2.118,1.413,겁을 주며 압력을 가하여 남에게 억지로 어떤 일을 하도록 함.
이윤형,형광등,0.114,-0.702,전기·전자 진공 유리관 속에 수은과 아르곤을 넣고 안쪽 벽에 형광 물질을 바른 방전등.
이윤형,호강,1.849,-1.41,호화롭고 편안한 삶을 누림. 또는 그런 생활.
이윤형,호평,1.748,-1.006,좋게 평함. 또는 그런 평판이나 평가.
이윤형,화장실,-0.741,-0.531,대소변을 배설하고 손을 씻거나 화장 따위를 고칠 수 있도록 만들어 놓은 곳.
이윤형,화합,1.794,-1.869,화목하게 어울림.
이윤형,화해,1.351,-1.542,싸움하던 것을 멈추고 서로 가지고 있던 안 좋은 감정을 풀어 없앰.
이윤형,환상,0.457,0.472,현실적인 기초나 가능성이 없는 헛된 생각이나 공상.
이윤형,환상적,1.787,0.55,생각 따위가 현실적인 기초나 가능성이 없고 헛된.
이윤형,환영,1.483,-0.158,오는 사람을 기쁜 마음으로 반갑게 맞음.
이윤형,활동력,1.584,1.157,몸을 움직여 행동하거나 어떤 일의 성과를 거두기 위하여 힘쓰는 힘이나 능력.
이윤형,활력소,1.771,0.254,살아 있는 힘의 원천. 활동하는 힘이 되는 본바탕.
이윤형,활약,1.281,0.776,어떤 일에서 눈길을 끌 만큼 뛰어나게 활동함.
이윤형,황홀,1.826,0.853,"아름다운 사물 따위에 매혹되어 마음이 달뜨고 몽롱함.
눈이 부셔 어른어른할 정도로 빛나거나 화려함."
이윤형,후회,-1.721,0.068,이전의 잘못을 깨치고 뉘우침.
이윤형,휴식,2.067,-2.437,하던 일을 멈추고 잠깐 쉼.
이윤형,흉터,-2.017,0.923,상처가 아물고 남은 자국.
이윤형,흐느낌,-1.597,0.317,몹시 서러워 흑흑 느끼며 욺.
이윤형,희롱,-2.53,1.11,"말이나 행동으로 실없이 놀림.
손아귀에 넣고 제멋대로 가지고 놂.
성적으로 치근거림."
이윤형,희망,1.662,0.146,"어떤 일을 이루거나 하기를 바람.
앞으로 잘될 수 있는 가능성."
이윤형*,가책,-1.7685,0.629,자기나 남의 잘못에 대하여 꾸짖어 책망함.
이윤형*,감명,1.545,-0.0855,감격하여 마음에 깊이 새김. 또는 그 새겨진 느낌.
이윤형*,감흥,0.8035,-0.1605,마음속 깊이 감동받아 일어나는 흥취.
이윤형*,거부감,-1.9405,0.5915,어떤 것에 대해 받아들이고 싶지 않거나 물리치고 싶은 느낌.
이윤형*,공포,-1.7355,1.806,두렵고 무서움.
이윤형*,긍지,1.538,-0.2005,자신의 능력을 믿음으로써 가지는 당당함.
이윤형*,매혹,1.1345,0.737,남의 마음을 사로잡아 호림.
이윤형*,무력감,-2.0065,-1.3895,스스로 힘이 없음을 알았을 때 드는 허탈하고 맥 빠진 듯한 느낌.
이윤형*,박진감,1.165,0.8945,"진실에 가까운 느낌.
생동감 있고 활기차고 적극적이어서 현실적으로 느껴지는 느낌."
이윤형*,배신감,-2.3535,1.5435,믿음이나 의리의 저버림을 당한 느낌.
이윤형*,불만,-1.645,1.1715,마음에 흡족하지 않음.
이윤형*,상실감,-1.8635,-0.57,무엇인가를 잃어버린 후의 느낌이나 감정 상태.
이윤형*,성취감,1.899,0.438,목적한 바를 이루었다는 느낌.
이윤형*,소외감,-2.072,-0.7615,남에게 따돌림을 당하여 멀어진 듯한 느낌.
이윤형*,순정,1.301,-1.1505,순수한 감정이나 애정.
이윤형*,신경질,-2.076,1.407,신경이 너무 예민하거나 섬약하여 사소한 일에도 자극되어 곧잘 흥분하는 성질. 또는 그런 상태.
이윤형*,안심,1.273,-1.9145,모든 걱정을 떨쳐 버리고 마음을 편히 가짐.
이윤형*,애정,1.6245,-0.2495,"사랑하는 마음.
남녀 간에 서로 그리워하는 마음. 또는 그런 일."
이윤형*,애착,0.617,0.0085,"몹시 사랑하거나 끌리어서 떨어지지 아니함. 또는 그런 마음.
좋아하여서 집착함."
이윤형*,연정,0.6885,-0.396,이성을 그리워하고 사모하는 마음.
이윤형*,열등감,-1.9655,0.9385,자기를 남보다 못하거나 무가치한 인간으로 낮추어 평가하는 감정.
이윤형*,열정,1.598,1.421,어떤 일에 열렬한 애정을 가지고 열중하는 마음.
이윤형*,온정,1.534,-1.541,따뜻한 사랑이나 인정.
이윤형*,원한,-2.054,1.578,억울하고 원통한 일을 당하여 응어리진 마음.
이윤형*,의심,-1.571,0.452,확실히 알 수 없어서 믿지 못하는 마음.
이윤형*,정감,1.6965,-0.9615,사람의 마음에 호소를 해 오는 듯한 느낌.
이윤형*,죄책감,-1.745,0.419,저지른 잘못에 대하여 책임을 느끼는 마음.
이윤형*,친절,2.062,-1.249,대하는 태도가 매우 정겹고 고분고분함. 또는 그런 태도.
이윤형*,쾌감,1.6095,1.409,상쾌하고 즐거운 느낌.
이윤형*,호감,1.761,0.261,좋게 여기는 감정.
이윤형*,환희,1.738,1.177,매우 기뻐함. 또는 큰 기쁨.
이윤형*,흥분,0.289,2.2765,어떤 자극을 받아 감정이 북받쳐 일어남. 또는 그 감정.
이윤형*,희열,1.3785,1.2865,기쁨과 즐거움. 또는 기뻐하고 즐거워함.
김청택,가속화,0.5625,1.875,속도를 더하게 됨. 또는 그렇게 함.
김청택,가을날,2.0625,-0.375,가을철의 날. 또는 그날의 날씨.
김청택,가을바람,1.9375,-1.3125,가을에 부는 선선하고 서늘한 바람.
김청택,감가상각,-0.375,0.125,토지를 제외한 고정 자산에 생기는 가치의 소모를 셈하는 회계상의 절차. 고정 자산 가치의 소모를 각 회계 연도에 할당하여 그 자산의 가격을 줄여 간다.
김청택,갑작스레,-1.3125,2.0,미처 생각할 겨를이 없이 급하게.
김청택,강대국,1.25,0.4375,병력이 강하고 영토가 넓어 힘이 센 나라.
김청택,개방감,2.125,-0.75,공간이 개방된 느낌.
김청택,개척자,1.8125,1.8125,거친 땅을 일구어 쓸모 있는 땅으로 만드는 사람.
김청택,거짓말쟁이,-2.5,1.1875,거짓말을 잘하는 사람.
김청택,건축과,1.0,0.0625,"건축에 관한 이론과 기술 체계, 또는 예술로서의 건축을 과학적으로 연구하는 학과."
김청택,게으름,-1.3125,-0.4375,행동이 느리고 움직이거나 일하기를 싫어하는 태도나 버릇.
김청택,견인차,-0.25,0.0,고장이 났거나 불법으로 정차하고 있는 자동차를 달아 올려서 수리 공장이나 적법한 장소로 옮기는 차. 보통 기중기를 차 뒤쪽에 장치하고 있다.
김청택,경고장,-1.9375,1.1875,경고하는 내용을 적은 서류장.
김청택,고독감,-0.9375,-0.5,혼자 남겨져 외롭고 쓸쓸한 느낌.
김청택,고평가,0.1875,0.625,사물의 가치나 수준 따위를 실제보다 높게 평가함. 또는 그런 평가.
김청택,고화질,1.875,0.6875,미세한 것도 잘 보일 정도로 텔레비전이나 카메라 등의 화면이 매우 선명한 것.
김청택,공격수,0.5,1.4375,"단체 경기에서, 공격을 기본적인 임무로 하는 선수."
김청택,공놀이,1.3125,1.4375,공을 가지고 노는 놀이.
김청택,공백기,-0.25,-0.8125,특정한 활동이나 업적 따위가 없이 그냥 지내는 기간.
김청택,공저자,0.0,-0.125,한 책을 공동으로 지은 사람.
김청택,공포감,-2.5625,1.75,두렵고 무서운 느낌이나 기분.
김청택,관계없다,0.125,-0.5,서로 아무런 관련이 없다.
김청택,교육권,1.75,-0.625,교육을 받을 권리. 능력에 따라 균등한 교육을 받을 권리를 이른다.
김청택,교통사고,-2.5625,2.125,운행 중이던 자동차나 기차 따위가 사람을 치거나 다른 교통 기관과 충돌하는 따위 교통상의 사고.
김청택,구직난,-2.3125,1.625,일정한 직업을 찾기 어려움. 또는 그런 상태.
김청택,극대화,0.4375,1.625,아주 커짐. 또는 아주 크게 함.
김청택,기념사진,2.1875,-0.25,어떤 일에 대하여 오래도록 잊지 아니하고 간직하기 위하여 찍는 사진.
김청택,기부금,1.75,-0.625,자선 사업이나 공공사업을 돕기 위하여 대가 없이 내놓은 돈.
김청택,기술력,1.6875,0.25,인간에게 유용한 것을 개발하거나 처리하고 문제를 해결하는 능력.
김청택,깔끔이,1.6875,-0.75,모양새나 솜씨가 깨끗하고 매끈한 사람을 이르는 말.
김청택,깔끔하다,2.0625,-1.0625,생김새 따위가 매끈하고 깨끗하다.
김청택,꿈꾸다,1.1875,-0.3125,꿈을 꾸는 상태에 있다.
김청택,나누다,0.8125,0.3125,하나를 둘 이상으로 가르다.
김청택,낭떠러지,-1.1875,1.8125,깎아지른 듯한 언덕.
김청택,내리막,-0.75,1.0,높은 곳에서 낮은 곳으로 이어지는 비탈진 곳.
김청택,내외빈,0.125,-0.8125,내빈과 외빈을 아울러 이르는 말.
김청택,내재화,1.0,-0.75,어떤 성질 따위가 사물이나 일정한 범위의 안에 들어 있게 됨. 또는 그렇게 되게 함.
김청택,노폐물,-1.75,-0.625,낡아서 소용없는 물건.
김청택,논쟁거리,-1.0,1.375,논쟁이 될 만한 일이나 대상.
김청택,뇌물죄,-2.3125,0.875,뇌물을 주고받거나 알선하고 전달함으로써 성립하는 범죄.
김청택,다리미,1.0,-0.375,"옷이나 천 따위의 주름이나 구김을 펴고 줄을 세우는 데 쓰는 도구. 쇠붙이로 만들며 바닥이 판판하고 매끄럽게 되어 있는데, 숯불이나 전기 따위로 바닥을 뜨겁게 달구어 쓴다."
김청택,다양화,1.375,1.0625,"모양, 빛깔, 형태, 양식 따위가 여러 가지로 많아짐. 또는 그렇게 만듦."
김청택,단기전,-0.1875,2.0,짧은 기간 동안의 싸움이나 경기.
김청택,달팽이관,-0.125,-0.625,"포유류의 속귀에 있는 달팽이 모양의 관. 세 개의 방으로 나누어져 있으며, 각각이 림프로 가득 차 있어 가운데귀를 거쳐 온 소리의 진동을 청신경에 전달하여 준다."
김청택,담벼락,0.125,-0.5625,담이나 벽 따위를 통틀어 이르는 말.
김청택,대견하다,1.9375,-0.5,흐뭇하고 자랑스럽다.
김청택,대만족,2.6875,0.0625,마음에 매우 흡족함.
김청택,대역전승,1.875,2.0,크게 지고 있는 팀이 형세를 뒤집어서 이김. 또는 그런 승리.
김청택,대중문화,1.125,0.875,"대중이 형성하는 문화. 생활 수준의 향상, 교육의 보급, 매스컴의 발달 따위를 기반으로 이루어지며, 대량 생산과 대량 소비를 전제로 하기 때문에 문화의 상품화ㆍ획일화ㆍ저속화 경향이 생기는 경우가 많다."
김청택,대피소,0.5625,-0.875,비상시에 대피할 수 있도록 만들어 놓은 곳.
김청택,대행인,-0.0625,0.3125,남을 대신하여 행하는 사람.
김청택,대형견,1.875,-0.125,"몸집의 크기가 큰 개. 진돗개, 레트리버 따위가 있다."
김청택,대형화,0.75,0.75,사물의 형체나 규모가 커짐. 또는 그렇게 함.
김청택,대히트,1.75,1.8125,세상에 내놓거나 발표한 것이 매우 큰 인기를 얻음.
김청택,도박판,-1.6875,1.1875,사람들이 모여서 돈이나 재물을 걸고 하는 내기가 벌어지는 자리.
김청택,도제식,-1.125,0.5625,도제 관계와 같이 제자가 스승에게 절대적으로 복종하던 방법.
김청택,독창성,1.125,1.125,독창적인 성향이나 성질.
김청택,두개골,-0.125,-0.4375,"척추동물의 머리를 이루는 뼈를 통틀어 이르는 말. 사람의 경우 뇌를 싸는 마루뼈, 이마뼈, 벌집뼈, 나비뼈, 뒤통수뼈, 관자뼈와 얼굴을 이루는 코뼈, 눈물뼈, 광대뼈, 위턱뼈, 아래턱뼈, 입천장뼈, 보습뼈, 코선반뼈 등이 있다."
김청택,디스카운트,0.8125,1.0,물건값의 얼마 또는 몇 퍼센트를 낮추는 일.
김청택,딜레마,-2.1875,1.0625,"선택해야 할 길은 두 가지 중 하나로 정해져 있는데, 그 어느 쪽을 선택해도 바람직하지 못한 결과가 나오게 되는 곤란한 상황."
김청택,떨어지다,-1.375,0.75,위에서 아래로 내려지다.
김청택,떼죽음,-2.5625,1.6875,한꺼번에 모조리 죽음.
김청택,뛰어나다,2.0625,1.4375,남보다 월등히 훌륭하거나 앞서 있다.
김청택,라이벌,-0.125,1.625,같은 목적을 가졌거나 같은 분야에서 일하면서 이기거나 앞서려고 서로 겨루는 맞수.
김청택,로맨스,1.9375,1.0,남녀 사이의 사랑 이야기. 또는 연애 사건.
김청택,리코더,1.0625,-0.4375,"세로로 부는, 플루트의 한 종류인 목관 악기. 부드럽고 밝은 음색을 지닌다."
김청택,막연히,-1.5625,0.5625,갈피를 잡을 수 없을 정도로 아득하게.
김청택,맞상대,0.5625,0.5625,마주 상대함. 또는 그런 상대.
김청택,멋있다,2.375,0.4375,보기에 썩 좋거나 훌륭하다.
김청택,멋쟁이,1.8125,1.125,멋있거나 멋을 잘 부리는 사람.
김청택,멜로디,1.8125,-0.125,음의 높낮이의 변화가 리듬과 연결되어 하나의 음악적 통합으로 형성되는 음의 흐름. 또는 음향의 형태.
김청택,면역력,1.1875,0.0625,외부에서 들어온 병원균에 저항하는 힘.
김청택,모호하다,-1.25,0.375,말이나 태도가 흐리터분하여 분명하지 않다.
김청택,몰래카메라,-2.5,1.5,촬영을 당하는 사람이 촬영을 당한다는 사실을 모르는 상태로 촬영하는 카메라. 또는 그런 방식.
김청택,몰입력,1.75,0.875,깊이 파고들거나 빠질 수 있는 힘.
김청택,무관세,0.375,-0.0625,화물이 국경을 통과할 때 부과하는 세금이 없음.
김청택,무관하다,-0.1875,-0.1875,관계나 상관이 없다.
김청택,무설탕,0.125,-0.75,설탕을 첨가하지 않음. 또는 그런 것.
김청택,무심히,-0.25,-1.8125,아무런 생각이나 감정 따위가 없이.
김청택,무의미,-0.75,-0.5625,아무 값어치나 의의가 없음.
김청택,무효화,-0.75,-0.0625,무효가 됨. 또는 무효로 만듦.
김청택,물리학,0.1875,-0.25,"물질의 물리적 성질과 그것이 나타내는 모든 현상, 그리고 그들 사이의 관계나 법칙을 연구하는 학문. 자연 과학의 한 분야이다."
김청택,미개발,-0.875,0.0,아직 개발되지 못하거나 개발하지 아니함.
김청택,미봉책,-0.6875,0.5625,눈가림만 하는 일시적인 꾀나 방법.
김청택,미술학과,1.0,0.0,미술과 관련된 학문을 배우고 연구하는 학과.
김청택,미실시,-1.3125,-0.75,아직 실제로 시행하지 아니함.
김청택,미실현,-0.875,0.0,"꿈, 기대 따위를 실제로 이루지 아니함."
김청택,미착용,-1.5625,0.6875,마땅히 착용하여야 할 것을 착용하지 아니함.
김청택,미충족,-1.1875,-0.0625,일정한 분량을 채우지 아니하여 모자람.
김청택,미포함,-0.375,0.125,아직 포함하지 아니함.
김청택,미혼자,0.3125,0.375,아직 결혼하지 않은 사람.
김청택,민주주의,0.625,-0.375,"국민이 권력을 가지고 그 권력을 스스로 행사하는 제도. 또는 그런 정치를 지향하는 사상. 기본적 인권, 자유권, 평등권, 다수결의 원리, 법치주의 따위를 그 기본 원리로 한다."
김청택,바꾸다,0.4375,0.9375,원래 있던 것을 없애고 다른 것으로 채워 넣거나 대신하게 하다.
김청택,바이아웃,0.875,0.75,기업의 지분 상당 부분을 인수하거나 기업 자체를 인수한 후 대상 기업의 정상화나 경쟁력 강화를 통해 기업 가치를 높이는 일.
김청택,바퀴벌레,-2.6875,1.375,"작고 둥글납작하며 누런 갈색을 띠고, 음식물과 옷가지에 해를 끼치는 곤충."
김청택,박탈감,-2.4375,0.8125,박탈당하였다고 여기는 느낌이나 기분.
김청택,반대론자,-1.0,1.25,반대하는 논리를 주장하는 사람.
김청택,방관자,-1.5625,-1.0625,어떤 일에 직접 나서서 관여하지 않고 곁에서 보기만 하는 사람.
김청택,방독면,-0.6875,0.1875,"독가스, 세균, 방사성 물질 따위가 시각ㆍ청각ㆍ호흡 기관에 피해를 주지 못하도록 얼굴을 보호하는 기구. 유독 물질을 걸러 내고 숨을 쉴 수 있도록 되어 있다."
김청택,배당률,0.5625,-0.1875,불입한 금액에 대한 배당금의 비율.
김청택,범죄자,-2.8125,1.0625,범죄를 저지른 사람.
김청택,법정주의,0.4375,-0.6875,법률로 규정하는 제도.
김청택,변사체,-2.125,1.4375,뜻밖의 사고로 죽은 사람의 시체.
김청택,보고서,0.0,-0.375,보고하는 글이나 문서.
김청택,보디빌더,1.375,1.625,보디빌딩을 전문적으로 하는 사람.
김청택,보랏빛,0.625,-0.5625,파랑과 빨강의 중간 빛.
김청택,보행권,1.4375,-1.0,쾌적하고 안전하게 걸을 수 있는 권리.
김청택,부교수,-0.25,0.0625,"대학교수 직위의 하나. 정교수의 아래, 조교수의 위이다."
김청택,부적격,-1.75,0.5625,어떤 일에 자격이 알맞지 아니함.
김청택,불량품,-1.875,0.25,품질이나 상태가 나쁜 물건.
김청택,불완전,-1.5625,0.625,완전하지 않거나 완전하지 못함.
김청택,비자금,-1.375,0.8125,"세금 추적을 할 수 없도록 특별히 관리하여 둔 돈을 통틀어 이르는 말. 무역과 계약 따위의 거래에서 관례적으로 생기는 리베이트와 커미션, 회계 처리의 조작으로 생긴 부정한 돈 따위가 이에 해당한다."
김청택,비흡연,2.0,-1.25,담배를 피우지 아니함.
김청택,빈곤율,-1.9375,0.5,가난하여 살기가 어려운 가구나 사람의 비율.
김청택,빈자리,0.25,-0.4375,사람이 앉지 아니하여 비어 있는 자리.
김청택,빠르다,1.0,1.0,어떤 동작을 하는 데 걸리는 시간이 짧다.
김청택,사용료,0.0625,0.0,사용한 값으로 내는 요금.
김청택,사투리,0.875,0.3125,"어느 한 지방에서만 쓰는, 표준어가 아닌 말."
김청택,상업성,0.4375,0.25,상업으로 이윤을 얻는 것을 중요시하는 특성.
김청택,상용화,0.5625,-0.875,일상적으로 쓰이게 됨. 또는 그렇게 만듦.
김청택,상해죄,-2.625,1.4375,폭행 또는 그 밖의 행위로 일부러 남의 몸에 상처를 입힘으로써 성립하는 범죄.
김청택,생중계,0.75,1.6875,현장에서 일어나는 일을 따로 녹화나 편집을 하지 않고 생생하게 그대로 방송함.
김청택,서러움,-1.9375,-0.1875,서럽게 느껴지는 마음.
김청택,석박사,0.875,0.0625,‘석사’와 ‘박사’를 아울러 이르는 말.
김청택,성추행,-2.875,1.9375,일방적인 성적 만족을 얻기 위하여 물리적으로 신체 접촉을 가함으로써 상대방에게 성적 수치심을 불러일으키는 행위.
김청택,세기말,-1.6875,1.0,"사회의 몰락으로 사상이나 도덕, 질서 따위가 혼란에 빠지고 퇴폐적, 향락적인 분위기로 되는 시기."
김청택,세심히,1.25,0.4375,작은 일에도 꼼꼼하게 주의를 기울여 빈틈이 없이.
김청택,속도위반,-1.9375,2.0625,교통 법규상 제한되어 있는 차량의 속도를 넘어 속력을 내는 일.
김청택,수축감,-0.5,0.375,근육 따위가 오그라드는 느낌.
김청택,수호신,1.875,-0.1875,"국가, 민족, 개인 등을 지키고 보호하여 주는 신."
김청택,순발력,1.4375,1.8125,"근육이 순간적으로 빨리 수축하면서 나는 힘. 멀리뛰기, 높이뛰기 따위로 측정한다."
김청택,숨김없이,1.125,-0.5625,감추거나 드러내지 않는 일이 없이.
김청택,스타킹,0.5,0.3125,목이 긴 여성용 양말. 나일론 따위로 만들어 얇고 신축성이 강하다.
김청택,스폰서십,1.375,0.5625,"행사, 자선 사업 따위에 기부금을 내어 돕는 사람으로서의 정신."
김청택,스프레이,0.3125,0.0,머리를 원하는 모양으로 고정하는 데 쓰는 미용 재료.
김청택,스피드,0.8125,1.75,물체가 움직이거나 어떤 일이 진행되는 빠르기.
김청택,승리자,1.875,1.5,싸움이나 경기 따위에서 이긴 사람. 또는 그런 단체.
김청택,시작하다,1.0625,0.9375,어떤 일이나 행동의 처음 단계를 이루거나 그렇게 하게 하다.
김청택,식물성,1.0625,-0.6875,식물에서만 볼 수 있는 고유한 성질. 또는 그런 성질을 지닌 것.
김청택,신기록,2.25,1.8125,기존의 기록보다 뛰어난 새로운 기록.
김청택,신속히,1.25,1.8125,매우 날쌔고 빠르게.
김청택,신앙심,0.125,-1.3125,신이나 초자연적 절대자를 믿고 따르는 마음.
김청택,실험군,-0.3125,0.3125,실험의 대상이 되는 무리.
김청택,싱크로율,1.3125,-1.0625,비교되는 대상들이 서로 어긋나지 아니하고 같거나 들어맞는 비율.
김청택,싸구려,-1.6875,-0.25,값이 싸거나 질이 낮은 물건.
김청택,쓰나미,-2.0625,1.25,지진 때문에 해저에 지각 변동이 생겨서 일어나는 해일. 해안 근처의 얕은 곳에서 파고가 급격히 높아지고 특히 좁은 만의 깊숙한 곳에 큰 피해를 준다.
김청택,아스팔트,0.0625,-0.625,원유에서 석유를 빼내고 남은 물질로 자갈을 섞어 길에 깐 것.
김청택,아이디어,2.0,1.6875,새롭고 기발한 생각.
김청택,암세포,-2.1875,1.0,암을 이루는 세포. 분열 능력이 크며 모양이나 크기가 정상 세포와 다르다.
김청택,앙코르,1.875,1.75,출연자의 훌륭한 솜씨를 찬양하여 박수 따위로 재연을 청하는 일.
김청택,약하다,-1.3125,-0.125,각오나 의지 따위가 굳지 못하고 여리다.
김청택,언어유희,1.0,0.6875,"말이나 글자를 소재로 하는 놀이. 말 잇기 놀이, 어려운 말 외우기, 새말 만들기 따위가 있다."
김청택,엇박자,0.0625,1.0,음이 제 박자에 오지 아니하고 어긋나게 오는 박자. 당김음을 만들거나 합주할 때 특수한 효과를 나타낸다.
김청택,엑스포,0.875,0.625,"세계 여러 나라가 참가하여 각국의 생산품을 합동으로 전시하는 국제 박람회. 1851년에 런던에서 최초로 개최한 것이 그 기원으로, 1928년에 파리에서 체결한 국제 박람회 조약에 따라 가맹국의 주최하에 4년마다 열리며, 주로 공업 제품ㆍ미술 공예품 따위를 출품한다."
김청택,연하장,1.875,-0.3125,새해를 축하하기 위하여 간단한 글이나 그림을 담아 보내는 서장.
김청택,오로지,0.6875,-0.6875,오직 한 방향으로. 또는 다른 것이 없이 오직.
김청택,오피스텔,0.5625,-1.125,"침실, 부엌, 화장실 등과 같은 간단한 주거 시설을 갖춘 사무실."
김청택,온실가스,-1.5625,0.5,"지구 대기를 오염시켜 온실 효과를 일으키는 가스를 통틀어 이르는 말. 이산화 탄소, 메탄 따위의 가스를 말한다."
김청택,올빼미,0.1875,0.3125,"올빼밋과의 새. 등과 배는 누런빛을 띤 갈색이고 세로무늬가 있다. 눈가의 털은 방사상으로 나고 얼굴은 둥근데 귀깃이 없다. 야행성으로 한국, 일본, 아시아 동북부, 유럽 등지에 분포한다. 천연기념물 제324-1호."
김청택,와글와글,-1.0,1.6875,사람이나 벌레 따위가 한곳에 많이 모여 잇따라 떠들거나 움직이는 소리. 또는 그 모양.
김청택,완강기,0.5,0.375,고층 건물에서 불이 났을 때 몸에 밧줄을 매고 높은 층에서 땅으로 천천히 내려올 수 있게 만든 비상용 기구.
김청택,완두콩,0.875,-0.4375,완두의 열매. 초여름에 열리며 식용한다.
김청택,외양간,-0.1875,-0.625,마소를 가두어 기르는 곳.
김청택,운동화,1.375,-0.0625,운동할 때 신는 신. 또는 평상시에 활동하기 편하게 신는 신.
김청택,위기론,-1.875,1.5625,어떤 위기가 닥쳤거나 곧 올 것이라는 주장이나 이론.
김청택,위법하다,-1.6875,0.5,법률이나 명령 따위를 어기다.
김청택,유용성,1.375,-0.5,소용에 닿고 이용할 만한 특성.
김청택,유행병,-2.1875,1.1875,어떤 지역에 널리 퍼져 여러 사람이 잇따라 돌아가며 옮아 앓는 병. 또는 같은 원인으로 보통 병보다 많이 발생하는 병.
김청택,은둔형,-1.0625,-1.9375,사람을 만나거나 외출하는 일이 거의 없이 일정한 공간에 머무르려고 하는 성격 유형.
김청택,은메달리스트,1.25,0.875,주로 운동 경기나 그 밖의 각종 대회에서 입상하여 은메달을 수상한 사람.
김청택,은퇴자,0.3125,-1.125,직위에서 물러나거나 사회 활동에서 손을 떼고 한가히 지내는 사람.
김청택,응집력,1.0,0.4375,어떤 단체나 조직에 속하는 구성원들을 통합하는 힘.
김청택,이기주의,-2.375,0.5,"자기 자신의 이익만을 꾀하고, 사회 일반의 이익은 염두에 두지 않으려는 태도."
김청택,인종주의,-2.4375,1.125,"인종 사이에 유전적 우열이 있다고 하여 인종적 멸시, 박해, 차별 따위를 정당화하는 주의. 순혈주의와 인종 차별을 낳으며, 나치스의 반유대주의, 백인의 흑인 차별 따위가 전형적인 예이다."
김청택,인터넷,0.8125,0.125,"전 세계의 컴퓨터가 서로 연결되어 정보를 교환할 수 있는, 하나의 거대한 컴퓨터 통신망."
김청택,일광욕,1.3125,-1.125,치료나 건강을 위하여 온몸을 드러내고 햇빛을 쬠. 또는 그런 일.
김청택,입맞춤,1.9375,0.75,성애의 표현으로 상대의 입에 자기 입을 맞춤.
김청택,자본금,0.875,0.25,영리를 목적으로 사업에 투자한 돈.
김청택,자신감,2.0,1.5625,자신이 있다는 느낌.
김청택,자존감,1.6875,-0.4375,스스로 자기를 소중히 대하며 품위를 지키려는 감정.
김청택,잔여물,-1.9375,0.25,완전히 제거되고 소비되지 않고 남아 있는 물질이나 물건 따위.
김청택,잔혹성,-2.4375,1.75,잔인하고 독한 성질.
김청택,장려금,1.5625,0.0625,어떤 특정한 일을 장려하는 뜻으로 보조하여 주는 돈.
김청택,저염식,0.5,-1.25,소금을 적게 넣어 만든 음식.
김청택,저조도,-0.3125,-1.125,조도가 낮음. 또는 낮은 조도.
김청택,저조하다,-1.8125,-0.875,활동이나 감정이 왕성하지 못하고 침체해 있다.
김청택,저주파,-0.125,0.125,"주파수가 낮은 파동이나 전자기파. 음성 진동수, 즉 가청 진동수를 가리키며 무선 주파를 검사하여 알아낸 신호 진동수의 파동을 가리키기도 한다."
김청택,점안액,0.5625,-0.0625,눈에 떨어뜨려 넣는 안약. 또는 그런 액체.
김청택,정사각형,0.8125,-0.375,변의 길이와 내각의 크기가 모두 같은 사각형.
김청택,정확성,1.5,-0.4375,바르고 확실한 성질. 또는 그런 정도.
김청택,제초제,-0.125,-0.25,농작물을 해치지 아니하고 잡초만을 없애는 약.
김청택,종이접기,0.625,-1.1875,"종이를 접어서 학, 배, 비행기 따위의 모양을 만드는 일."
김청택,좋아하다,2.4375,0.375,어떤 일이나 사물 따위에 대하여 좋은 느낌을 가지다.
김청택,주도성,0.9375,1.25,주도적 입장에 서는 성질이나 특성.
김청택,주춧돌,1.0625,-1.625,기둥 밑에 기초로 받쳐 놓은 돌.
김청택,중압감,-2.1875,1.625,강제되거나 강요된 것에 대한 부담감.
김청택,지느러미,0.25,0.375,"물고기 또는 물에 사는 포유류가 몸의 균형을 유지하거나 헤엄치는 데 쓰는 기관. 등, 배, 가슴, 꼬리 따위에 붙어 있다."
김청택,지우개,0.125,-0.5,글씨나 그림 따위를 지우는 물건.
김청택,직사광선,0.4375,0.0625,정면으로 곧게 비치는 빛살.
김청택,진료비,-0.5,-0.0625,진찰받는 환자가 의사나 병원에 치르는 요금.
김청택,짝사랑,-0.125,1.25,한쪽만 상대편을 사랑하는 일.
김청택,차단기,0.0,-0.4375,전류나 전자가 흐르지 못하도록 전선을 끊거나 막는 기구.
김청택,차단제,-0.5,-0.5,액체나 기체 따위의 흐름 또는 통로를 막거나 끊어서 통하지 못하게 하는 약제.
김청택,참신성,2.25,1.5625,새롭고 산뜻한 특성.
김청택,창의력,1.875,1.5,새로운 것을 생각해 내는 능력.
김청택,채권자,-0.5,0.6875,특정인에게 일정한 빚을 받아 낼 권리를 가진 사람.
김청택,첨단화,0.875,0.8125,유행이나 시대 사조 따위의 맨 앞장이 됨. 또는 그렇게 만듦.
김청택,체납액,-2.4375,1.375,기한까지 내지 못하고 밀린 금액.
김청택,체지방량,-0.875,0.0625,분해되지 않고 몸속에 쌓여 있는 지방의 양.
김청택,초고령,-0.4375,-0.9375,늙은이로서 매우 많은 나이. 또는 그런 나이가 된 사람.
김청택,최고점,1.625,1.5625,가장 높은 점이나 점수.
김청택,최루탄,-2.4375,1.125,눈물샘을 자극하여 눈물을 흘리게 하는 약이나 물질을 넣은 탄환.
김청택,최우수,2.3125,0.5,여럿 가운데 가장 뛰어남.
김청택,카니발,1.375,1.25,사순절에 앞서서 3일 또는 한 주일 동안 즐기는 명절.
김청택,카지노,-0.1875,1.4375,"춤, 음악 따위의 오락 시설을 갖춘 공인 도박장. 룰렛이나 카드놀이 따위를 한다."
김청택,코미디,2.0625,1.3125,재미있고 웃기는 내용의 연극이나 드라마.
김청택,쿠데타,-2.375,2.0625,군사적 힘을 동원하여 정권을 빼앗으려고 갑자기 벌이는 행동.
김청택,크래커,0.625,-0.8125,"밀가루를 이스트로 발효하여 딱딱하게 구운, 단맛이 없는 비스킷."
김청택,크리스마스이브,2.25,0.625,크리스마스의 전날 저녁. 12월 24일 저녁을 이른다.
김청택,클라우드,1.0625,-0.75,"인터넷상에 마련한 개인용 서버에 각종 문서, 사진, 음악 따위의 파일 및 정보를 저장하여 두는 시스템."
김청택,턱걸이,0.5625,1.5625,철봉을 손으로 잡고 몸을 올려 턱이 철봉 위까지 올라가게 하는 운동.
김청택,텔레마케팅,-0.875,0.125,컴퓨터 따위의 통신 장치를 이용하여 상품이나 서비스의 주문을 받아 소비자에게 효율적으로 제공하기 위한 활동.
김청택,토네이도,-1.5,1.4375,미국 중남부 지역에서 일어나는 강렬한 회오리바람. 특히 봄에서 여름에 걸쳐 많이 발생하며 파괴력이 크다.
김청택,트랜스젠더,-1.125,-0.25,남성에서 여성으로 또는 여성에서 남성으로 성전환을 한 사람.
김청택,판매상,0.125,0.8125,상품 따위를 파는 장사. 또는 그런 장수.
김청택,패러글라이딩,1.1875,2.25,패러글라이더를 메고 높은 산의 절벽 등에서 뛰어내려 활공하는 신종 스포츠.
김청택,페미니스트,-1.4375,0.5625,페미니즘을 따르거나 주장하는 사람.
김청택,평가전,0.5,1.0,실력의 정도를 알아보기 위하여 하는 운동 경기.
김청택,포용력,2.25,-1.375,남을 너그럽게 감싸 주거나 받아들이는 힘.
김청택,포장지,1.0625,-0.25,물건을 싸거나 꾸리는 데 쓰는 종이.
김청택,폭로전,-2.3125,1.25,상대방에 대한 알려지지 않은 나쁜 일이나 음모 따위를 사람들에게 공공연히 알리면서 벌이는 경쟁. 또는 그런 일을 경쟁적으로 공공연히 알리는 일.
김청택,표현력,0.8125,0.625,생각이나 느낌 따위를 언어나 몸짓 따위의 형상으로 드러내어 나타내는 능력.
김청택,프린터,0.125,-0.625,"인쇄하는 데 쓰는 기계. 판의 방식에 따라 볼록판ㆍ평판ㆍ오목판이 있고, 압력을 주는 방식에 따라 평압식 인쇄기ㆍ원압 인쇄기ㆍ윤전기 따위가 있다."
김청택,플래카드,1.1875,0.375,긴 천에 표어 따위를 적어 양쪽을 장대에 매어 높이 들거나 길 위에 달아 놓은 표지물.
김청택,피로감,-2.125,-0.6875,정신이나 몸이 지쳐 힘든 느낌.
김청택,피범벅,-2.625,1.6875,사방 여러 군데에 피가 묻어 뒤범벅이 됨.
김청택,피투성이,-2.5,1.875,피가 온 군데에 낭자하게 묻은 모양.
김청택,하수구,-1.75,0.3125,"빗물이나 집, 공장, 병원 따위에서 쓰고 버리는 더러운 물이 흘러내려 가도록 만든 도랑."
김청택,항우울제,-1.0,-0.5,"정신과 질환의 여러 가지 우울증 치료에 쓰는 약제. 중추 신경 흥분 작용, 항히스타민 작용이 있다."
김청택,핵폐기물,-2.5,0.875,원자력을 생성하고 난 후에 버리는 찌꺼기 물질. 방사능이 남아 있어서 특별한 관리가 필요하다.
김청택,행복감,2.5,-0.875,생활에서 충분한 만족과 기쁨을 느끼는 마음. 또는 그런 느낌.
김청택,협동심,2.125,0.75,서로 마음과 힘을 하나로 합하려는 마음.
김청택,호르몬,0.375,0.25,"동물의 내분비샘에서 분비되는 체액과 함께 체내를 순환하여, 다른 기관이나 조직의 작용을 촉진, 억제하는 물질을 통틀어 이르는 말."
김청택,확진자,-1.375,0.875,질환의 종류나 상태를 확실하게 진단받은 사람.
김청택,활약하다,2.375,2.0,기운차게 뛰어다니다.
김청택,황금기,2.5625,0.875,절정에 올라 가장 좋은 시기.
김청택,황무지,-1.1875,-0.1875,손을 대어 거두지 않고 내버려 두어 거친 땅.
김청택,효율화,2.125,0.875,들인 노력에 비하여 얻는 결과가 크게 됨. 또는 그렇게 만듦.
김청택,훌륭하다,2.375,0.8125,썩 좋아서 나무랄 곳이 없다.
김청택,휴관일,-0.125,-0.75,"도서관, 미술관, 영화관 따위가 일반에 대한 공개 업무를 쉬는 날."
김청택,희박하다,-0.875,0.25,기체나 액체 따위의 밀도나 농도가 짙지 못하고 낮거나 엷다.
김청택,힘없이,-1.625,-0.75,기운이나 의욕 따위가 없이.
